index,audio_path,ground_truth,whisper_transcription
0,data/AudioCorpus/Recordings/mns_5314ef6d-e047-4d31-8c02-2efe076d5e0d/017_╨₧╤ü_╨╗╨░╨╕╠å_╨┐╨╛╤é╤ï╤Ç╤é╤ì_╨╜_.wav,"os, laj, potirtēn.",osλa i potərti ăn
1,data/AudioCorpus/Recordings/mns_96090f15-60d2-403c-9248-112bd4773e4c/044_╨£╨░╨╜╤ï╤Ç_╨▓╨░_╤Ç╤â_╨║╨▓_╤é╨░_╨╜_.wav,manər wāruŋkw tān xā­sē­ɣət.,măňr warum tăn χăsa
2,data/AudioCorpus/Recordings/mns_91031035-59b1-4d78-9035-bc14e6303c06/015_╨»╨╜╤ï╨│_╨╛_╨┐╨░╨╝_╨£╨░_╨╜╤î╤Å_╨Æ╨░.wav,janəɣ ōpam mān'ja wan'ka mos' lōŋxal'nuw l'ujūl'ja wātat ōlmiɣtas.,jan i opəm man'ew ăňka moś λoŋχaλ' nuλ λʉλjaw watət oλ mətəs
3,data/AudioCorpus/Recordings/mns_91031035-59b1-4d78-9035-bc14e6303c06/011_╨ó╤ï_╨╛╨╝╨░╨╝_╤é╨░╨▓_╨╛_╨┐╨░╤é╤ì_╨ƒ.wav,"ti omam taw ōpate. p'eēs porat, janəɣ xōnt ēli-pālt.",ti oməm tăw owa pătta wɛs purăt janij χujanət ɛλi păλt
4,data/AudioCorpus/Recordings/mns_12509f35-1c17-4da3-94e9-4407ca6c0a7e/016_╨¥_╤é╨╜╤ì╨│_╨║╨╛╨╗╨╛╨╜╨╜╨░_╤ë╨╕╤Ç╤ï╨╗.wav,n'ojōtneɣ kolonna s''irəl l'ujūl'sət.,ӛsət ńotnijkaλ ăna śirəλ λʉwλsăt
5,data/AudioCorpus/Recordings/mns_12509f35-1c17-4da3-94e9-4407ca6c0a7e/031_╨ó╤ï_╤Å╨╜╤ï╨│_╤à╨╛_╨╜╤é_╤Å╨╗╨┐╤ï_╤à.wav,ti janəɣ xōnt jalpəŋ xōtale māk janəɣ s'āɣti­ləŋ xōtaləɣ ōləs.,ti nԑňχot λpʉň χotali măk ňśajtijλeŋ χotali oλăs
6,data/AudioCorpus/Recordings/mns_5314ef6d-e047-4d31-8c02-2efe076d5e0d/056__╨╗_╨░╤é_╨┐╨░╤é╤ì_╨│╤ï╤é_.wav,jol at patēɣət!,jol at păt eλt
7,data/AudioCorpus/Recordings/mns_12509f35-1c17-4da3-94e9-4407ca6c0a7e/029_╨£╨░╤Ç╨╕╤Å_╨ó╨╕╤à╨╛╨╜╨╛╨▓╨╜╨░_╨░╤ë╨╛_.wav,mar'ija t'ixonowna as'ōjkate t'imoф'eej konstant'inow'əч ost'eerow.,marija tiχănawna aśăjkăti tmafij kantsijinovich
8,data/AudioCorpus/Recordings/mns_12509f35-1c17-4da3-94e9-4407ca6c0a7e/011_╨₧╤ü_╨┐╨░_╨▓╤ï╨╗╨║╨░╨╜_╨║╨╛╤é╨╕╨╗╤î╨╜.wav,os pāwilkan kot'il'n joxtinēɣ l'ojōx xosət lāɣləl jōmsət.,os pa­wla­kan kətjλn joχ­tnij λjoχ χəsit λajduλ jomsăt
9,data/AudioCorpus/Recordings/mns_91031035-59b1-4d78-9035-bc14e6303c06/019_╨»╨╜╤ï╨│_╨╛_╨┐╨░╨╝_╨╛╤ü_╤Å╨╜╤ï╨│_╤ë.wav,"janəɣ ōpam os janəɣ s'as''eēkwam mos' lōŋxal'nuw ōlsəɣ, tēn ōs sulkolt ōlsə̄ɣ.",jani opəməs jănaj śaśkwam moś λăň χăλ'nʉλ oλ­sij tԑm os suwkəλt oλsij
10,data/AudioCorpus/Recordings/mns_91031035-59b1-4d78-9035-bc14e6303c06/009_╨ó╨░╨▓_╨╜╨░╨╝╨╡_╨ÿ╨▓╨░╨╜_╨ñ╨╕╨╗╨╕╨┐╨┐.wav,taw nam'ee iwan ф'il'ippow'əч t'ixonow ōləs.,tăw nԑmi iwan filipowicz tiχanaw oλăs
11,data/AudioCorpus/Recordings/mns_96090f15-60d2-403c-9248-112bd4773e4c/036_╨ó╨╛╤à_╤é╤ï_╤é╨░╨║╨▓╨╕_╤â╤Ç╨╡_╤é╤ï╨╗.wav,tox ti takw'i ur'eē­təl taw xansiɣlālas.,tum təχti taki urԑtl tawχansi λaλa
12,data/AudioCorpus/Recordings/mns_96090f15-60d2-403c-9248-112bd4773e4c/053_╨Ñ╤â╨╝╤ï╤ç_╤é╨░_╨╜╨║╨╕_╨╜╨╛╨╝╤ü╨░╤ü╤ï.wav,"xuməч tānk'i nomsasət, tas''ər wos pōslasət.",χuməsta ăňkԑn nəmsăsăt tăśir wəs posλăsăt
13,data/AudioCorpus/Recordings/mns_cb6b094c-6504-4b5a-8f5f-49cd55c62429/022_╨É╨╜╤î_╨╝╨░_╨╜╤î_╨╝╨╕╤ü╤à╤â╨╝_╤é╨░_.wav,"an' mān' m'isxum ta n'ajān' tēm, tāra takw'ite ta mostumte.",an' măň misχum tănjan'tԑm tăra tak witi tăm mostumti
14,data/AudioCorpus/Recordings/mns_5314ef6d-e047-4d31-8c02-2efe076d5e0d/011_╨í╨░_╤é_╤à╤â╨╝_.wav,sāt xum.,sătχəm
15,data/AudioCorpus/Recordings/mns_12509f35-1c17-4da3-94e9-4407ca6c0a7e/002_╨»╨╜╤ï╨│_╤à╨╛_╨╜╤é_╨▓╨░_╤Ç╨╝╨░╨╗╤î_.wav,janəɣ xōnt wārmal' oiɣpam'ee pāsəl n'ojolsāt tāləɣ ēmtəs.,ӑňi χot warmaλ ojipam pasλ njolsant tăλij mtăs
16,data/AudioCorpus/Recordings/mns_96090f15-60d2-403c-9248-112bd4773e4c/077_╨ó╨╛_╨▓╨░_╨┐╨╛╤Ç╨░╤é_╨▒╤Ç╨░╤é╤ü╨║╨╕╨╕╠å.wav,tōwa porat бratsk'əj moɣ'ilatən ēmtēɣət.,towa porăt pradski mă­gilătn m­tij
17,data/AudioCorpus/Recordings/mns_12509f35-1c17-4da3-94e9-4407ca6c0a7e/033_╨₧╤ü_╨Ü╨í╨Ü_╨║╨╛╨╗╤é_╤Ç╤â_╨┐╨╕╤é╨░╨╜.wav,os ksk kolt rūp'itan māxmitən lāwuŋkw ēr'i.,pa skk ăλt rupităn măχmătn λawăňăk e
18,data/AudioCorpus/Recordings/mns_96090f15-60d2-403c-9248-112bd4773e4c/094_╨ó╤ï_╤é╤â╨╝╨┐╨░╨╜╤ï╨╗╨╜╤ï╨╗_╤ü╨░_╨╗╤é.wav,ti tumpanilnəl sāltatət l'een'inɣraд ūsanəl wujantasət.,ti tumpăň nlnλ saλtăti tλen'ňgrat usăňăλ wujamtăs
19,data/AudioCorpus/Recordings/mns_96090f15-60d2-403c-9248-112bd4773e4c/058_╨Ü╨╛╨╜╤ü╤é╨░╨╜╤é╨╕╨╜_╨ƒ╨░╨╜╨║╨╛╨▓_╤ü╨░.wav,"konstant'ən pankow sāw pōsləs, taw pōsliɣlālam.",kastatjen păň kow sow posλăs tăw posλaj lăλam
20,data/AudioCorpus/Recordings/mns_5314ef6d-e047-4d31-8c02-2efe076d5e0d/006_╨¥_╤Ç_╨É╨║╨╕_╤é╨░╨▓_╤é╨░╨╕╠å_╤ü╨░╨╝╨╡.wav,"n'ojōr-ak'i taw taj sam'ee posəŋ, xum an' sunsiɣ­laxti.",ӛra ki tawta iśi posăňχəm ăňăn sʉn­sij λăχ
21,data/AudioCorpus/Recordings/mns_2767c816-42ce-40cd-9f96-77d8703bac5c/029_╨£╨╛_╤Ç╤ü╤ï_╤ï╨│_╨▓╨╛_╤Ç╨╜_╤Å╨╗╨░╨╜.wav,mōrsiŋəɣ wōrn jalantaŋkw patəs.,morsəŋij worn jalantăň pătăs
22,data/AudioCorpus/Recordings/mns_2767c816-42ce-40cd-9f96-77d8703bac5c/010_╨Ñ_╨╗_╨░╨╗╤ï╤ë╨╗╨░╨╜_╨╝╨░_╤à╤â╨╝_╨║.wav,"xul alis'lan māxum kamkanəl, sāɣlanəl, xulpanəl s''ojōp'itēɣət.",χuλ aλăśλăn maχum kamikanăλ sajλănλ χuλ pănλ śi opi tăjλət
23,data/AudioCorpus/Recordings/mns_2767c816-42ce-40cd-9f96-77d8703bac5c/031_╨Ü╨░_╤ü╤ï_╤é╨░_╨╗_╨│╨╛╤ü╨┐╤Ç╨╛╨╝╤à╨╛.wav,kāsəŋ tāl ɣospromxoзən puшn'ina majlas.,kaseň tăλ gazfarmχozn pʉnšnina măjλăs
24,data/AudioCorpus/Recordings/mns_ca5e6e76-2770-4449-b316-ac868df3c03f/031_╨⌐_╨╜╤Å╨│╨╡_╨░_╤ë╨░╨│╨╡_╨║╨╛╨╗_╤é╨░.wav,"s'ān'ajaɣ'ee-ās'aɣ'ee, kol tāɣəl ēlumxōlas pussən sup wārsət.",śănja i aśaja kol tăjλ elmχoλăs pusn sʉp wars
25,data/AudioCorpus/Recordings/mns_ca5e6e76-2770-4449-b316-ac868df3c03f/019_╨ó╨░╨▓_╨░╨╜╤î_╨┐╤ï╨│╤Ç╨╕╤ë_╨╗╨░_╨▓╨╕.wav,"taw an' piɣr'əs' lāw'i. ak'əm ōjka jāŋkilmat jol-nopum, tox lāwəs.",tăwani pəjraś λawi ăkԑmujk ňkăλman jʉλ nəpum toχ λawăs
26,data/AudioCorpus/Recordings/mns_5314ef6d-e047-4d31-8c02-2efe076d5e0d/028_╨ó╨░_╤é╤â╨╝╨┐╨░╨╜╤ï╨╗╨╜_╤à╤é╤ï╤ü╤ï╤é_.wav,"ta tumpaniln joxtisət, l'ujūl'ajaxōlēɣət.",tătum pănԑλn joχλəsλe uλja χăλijt
27,data/AudioCorpus/Recordings/mns_96090f15-60d2-403c-9248-112bd4773e4c/015_╨í╤â_╨║╤ï╤Ç╤è╤Å_╨┐╨░_╨▓╤ï╨╗_╤ü╨░╨║╨░.wav,sūkirъja pāwəl saka p'eēs tāɣəl ōlne pāwəl.,sukr ja pawλ săka pԑstăλ oλnăpawnλ
28,data/AudioCorpus/Recordings/mns_2767c816-42ce-40cd-9f96-77d8703bac5c/001_╨Æ╨╛_╤Ç╨░╤Å╨╜_╤ì_╨║╨▓╨░_.wav,wōrajan ēkwa,worajen ԑka
29,data/AudioCorpus/Recordings/mns_5314ef6d-e047-4d31-8c02-2efe076d5e0d/058_╨É╨╜╤î_╨╝╤â╤ü_╨╕_╨╗╤Ä_╨╗╨╡_╨│╤ï╤é_.wav,an' mus iŋ l'ujūl'eēɣət.,an' muz iň λʉwλijt
30,data/AudioCorpus/Recordings/mns_cb6b094c-6504-4b5a-8f5f-49cd55c62429/021_╨ó╤â╨▓╤ï╨╗_╨░_╨╗╨┐╤ï╨╗_╨┐╤ï╨│╨╡_╤é╨░.wav,tuwəl ālpəl piɣ'ee taml'ee n'ajān'əl tit­tumte.,tʉwλ aλpaλ pʉja tămλen' anəλ tĭtəm
31,data/AudioCorpus/Recordings/mns_12509f35-1c17-4da3-94e9-4407ca6c0a7e/030_╨₧╤ü_╨░╨║╨╕╤é╤ì_╨ƒ_╤é╤Ç_╨ó╨╕╨╝╨╛╤ä╨╡.wav,os ak'ite p'ojotr t'imoф'eeew'əч ost'eerow xur'iəɣ ōn's'as.,as ă­kite pԑtrtima λwewăt ostĭrn χurijuw ăn'śăs
32,data/AudioCorpus/Recordings/mns_ca5e6e76-2770-4449-b316-ac868df3c03f/003_╨É╨║╨▓╨╝╨░╤é_╤ü╤â╨╜╤ü╤ï_╨░╨╝╨░╨╜╤ï╤Ç_.wav,akwmat sunsi: amanir­sər ut ti wōpsiti man matar'i.,ak mătsunsi amăňrsij rʉt tiw opset i măňmătari
33,data/AudioCorpus/Recordings/mns_ca5e6e76-2770-4449-b316-ac868df3c03f/038_╨É╨║╨▓╨░╨│_╤é╨░_╨░╤ë╨╕╤Ç_╨╝╨░_╨░╨║╨▓.wav,"akwaɣ ta as''ir­maŋ, akwaɣ ta as''irmaŋ.",akojta aśirman akojta aśirman
34,data/AudioCorpus/Recordings/mns_96090f15-60d2-403c-9248-112bd4773e4c/071_╨É╨╝_╨Æ╤ï╨▒╨╛╤Ç╨│_╤â_╤ü_╨╗╤Å╨┐╨░╤é_.wav,am wiбorɣ ūs l'ajapat ōlēɣum.,am wipar kəsλja păt oλijw
35,data/AudioCorpus/Recordings/mns_5314ef6d-e047-4d31-8c02-2efe076d5e0d/046_╨¡_╨╗╤â╨╝╤à╨╛_╨╗╨░╤ü_╤à╤â╤Ç╨╕╨┐╨░╤é_.wav,ēlumxōlas xur'ipat.,ԑλam χăλas χuripăt
36,data/AudioCorpus/Recordings/mns_ca5e6e76-2770-4449-b316-ac868df3c03f/034_╨É╨╝╨░╨╜_╨╛_╤ü_╤é╤â╨▓_╤Å╨╗╨░╨╜╤é╨░╤ü.wav,"aman ōs tuw jalantas, aman at jalantas, takw'i wāɣte.",amăň ostiw lantăs amăň atjaλantăs takwi wajti
37,data/AudioCorpus/Recordings/mns_4852643b-549d-4b41-9b8f-b624aac64f1b/042_╨₧╨╝╨░╨▓_╨░╤é_╨┐╨╛╤é╤ï╤Ç╤é╨░╤ü_╤ü╤â╨┐.wav,"omaw at potirtas, supn'eēlm tāl ōləs.",ӛmw at potar­tăs sup njawam tăλ oλăs
38,data/AudioCorpus/Recordings/mns_98188aac-566e-4606-9f72-9071898149ff/032_╨Ñ╨╛_╨╜╤é╨░_╨╝╨░_╨╜╤î╤ë╨╕_╤ì_╨║╨▓╨░.wav,xōntaŋ mān's''i ēkwa anna m'itroфanowna kon'kowa xansum mōjtane n'ajāwramət jot low'in'tēw os sussiltēw.,χən tăň măn' śi eka ănna mitrafanăňa kăňkowa χăntsum mojtăňăn njawrԑmăt j oλ λə­wi­ňtew os suλtijewa
39,data/AudioCorpus/Recordings/mns_98188aac-566e-4606-9f72-9071898149ff/076_╨í╨░_╨▓╤ü╤ï╤Ç_╨┐╨░_╨▓╨╗╤ï╤é_╤à╨╛_╨╜.wav,"sāwsər pāwlət xōntum p'eēs pormasət, nēpakət muз'eejn totsane.",sa wsr pawλăt χontum pԑs pormăsit nԑpăk at muzjn tətsăňăn
40,data/AudioCorpus/Recordings/mns_fd136af3-054f-4c7f-95e1-993cced9bff2/007_╨ó╤â╨▓╤ï╨╗_╤é╤ï_╨║╨╛╨╗_╨┐╨░_╨▓╨╗╤â╨▓.wav,tuwəl ti kol pāwluwt ōlne muз'eej jot akwan-totw'eesə̄ɣ.,tʉwλti kol pawu­tolni muzj jot okwantot wisij
41,data/AudioCorpus/Recordings/mns_98188aac-566e-4606-9f72-9071898149ff/071_╨Ü╨╛╨╜╨┤╨╕╨╜╤ü╨║╨╕╨╕╠å_╨┐╨░_╨▓╤ï╨╗_╨╗╤Å.wav,konд'insk'əj pāwəl l'ajapat ūnlən mān's''i pāwlət xan'is'tēw.,kondinskij pawrλa păt oonλn măn'śi pawλit χănnśtw
42,data/AudioCorpus/Recordings/mns_98188aac-566e-4606-9f72-9071898149ff/093_╨¥╤Å_╨▓╤Ç╨░╨╝╤ï╤é_╤à╨░╨╜╨╕╤ë╤é╨░╨╜_╤à.wav,"n'ajāwramət xan'is'tan xōtpat, l'eēkkarət os sāw mōt ērne rūpata wārne s''eēm'jat urəl tit potirtasūw.",jawrԑm t χăn­nśλăn χot pa λ­k­kărt osaw mot r­nij rupăta warna śԑmjat uraλt ĭtn putărtăsʉw
43,data/AudioCorpus/Recordings/mns_98188aac-566e-4606-9f72-9071898149ff/086_╨ó╨░_╨╜╨║╨╕_╤à╨░╨╜╤ü╤â╨╝_╨┐╨╛╤é╤Ç╨░╨╜.wav,tānk'i xansum potranəl ōs tit low'in'tasət.,taňki χăn­sum putrăňa ostĭt λə­wiň tăs
44,data/AudioCorpus/Recordings/mns_3696732f-c891-4e0b-b306-3aa88f4c3d23/035_╨⌐╤â╤Ç╤é_╨╝╨╕╨╗_╤é╨░╨┐╨░╨╗╨╜_╨╗_╤Ç╨░.wav,s'urt­m'əl tapaln jol-raɣatas.,mit mitapaλn jowra japăn
45,data/AudioCorpus/Recordings/mns_60f76664-d5fb-45c1-9a28-56f178e825dc/034_╨í╨░_╨╗╤ï_╨╗╤Å╨┐╨░╤é_╨░╨║╨▓╨░╨│_╤Ç╨░.wav,sā­li l'ajapat akwaɣ ras' os tul­max jalasasēɣ.,săλňaλe pa takoj raś ŏs turməχ λəλăsăsi
46,data/AudioCorpus/Recordings/mns_980c2886-1b28-406d-ae4b-5a76c9bfd98d/011_╨₧╤ü_╤à╨╛_╨╜╤é_╨╗╤ï╨╜_╤ü╨╛_╨╗╤é╨░╤é.wav,os xōnt­lən sōltatət māɣəs usmat tujuŋkw'ee wujxatsət.,kəs χonλtən soldatăt măjsəλ usmăt tʉjňk wujχăt asăt
47,data/AudioCorpus/Recordings/mns_fafddecd-cba3-48ad-bc8d-361d3219331a/005_╨ó╤ï_╤ü╤â╤ü╤ü╤ï╨╗╤é╨░╨┐_╤â╤ë_╤Ç_╨┐╨╕.wav,"ti sussiltap us' ru­p'itaŋkw'ee ōwiltaxtam'ee porat, tuw us m'ər koni­pal.",ti λuλ suλtəp χuś rʉpitəŋ χwi owəλtaχtəmi purat tʉw ʉs mərkən ipl
48,data/AudioCorpus/Recordings/mns_980c2886-1b28-406d-ae4b-5a76c9bfd98d/016_╨ó_╨╕╠å╤é╤ï╨│_╨╗╨░╤à╤é╤ï╨╜_╤à_╨╗╨┐╤ï╤é.wav,tujtiɣ­laxtən xulpət xōntlan mān k'eētijanuw.,tujtiλărtăň χʉλ pit χənλăň măňkijet iannow
49,data/AudioCorpus/Recordings/mns_fd136af3-054f-4c7f-95e1-993cced9bff2/020_╨ó_╤Å╨│_╨░╨╝_╨Ñ╨░╨╜╤é╤ï_╨£╨░╨╜╤ü╨╕╨╕╠å.wav,tujaɣ am xanti-mans'ijsk usn tōrum mā muз'eej jalsum.,toja am χănti măsisk oλăňăn muzjn təru ma jasλsum
50,data/AudioCorpus/Recordings/mns_fd136af3-054f-4c7f-95e1-993cced9bff2/013_╨ó╨░_╨╜_╨╝╤â╨╖╨╡╨╕╠å╨╜_╨╛_╤ü_╤à╤é╨░╨╗.wav,"tān muз'eejn ōs joxtalē­ɣət, mān xanti māxum p'eēs ōlupsaw urəl tānaniln potirtēw.",tăn muzjn u sl joχ tăλijt măň χănti ma χum pԑs oλupsa wəraλ tănanăλ putrătew
51,data/AudioCorpus/Recordings/mns_440666bf-3a02-40d8-818c-99f6e67f3573/058_╨í╨░_╨▓╤ü╤ï╤Ç_╨┐╨╛╤ç_╤é╨╜╤ï╨╕╠å_╨│╤Ç╨░.wav,sāwsər poч'ojotnəj ɣramotal os janitlan p'is'mal majw'ees.,sa wsər pojotnij ňgramătλ os ňitλəŋ piśmaλ ma wԑs
52,data/AudioCorpus/Recordings/mns_980c2886-1b28-406d-ae4b-5a76c9bfd98d/009_╨Ñ╨╛_╨╜╤é╨░_╤Ç╨░╨╕╠å╨╛╨╜_╨ƒ╨╛╨╗╨╛╨▓╨╕╨╜.wav,xōntaŋ rajon polow'inka pāwilt taml'ee xōtpat ōs ōlēɣət.,χontaň rajon poli winka pălət amλi χot pa os oλijt
53,data/AudioCorpus/Recordings/mns_4852643b-549d-4b41-9b8f-b624aac64f1b/062_╨¥╨░╨┤╨╡╨╢╨┤╨░_╨Ü╤â╨╖╤î╨╝╨╕╨╜╨╕╤ç╨╜╨░_.wav,"naд'eeждa kuз'm'in'iчna lāwəs, taw janiɣmam'ee porat шajtanka pāwilt sāwsər m'ər ōləs.",nadžda kul'minično λawăstaw nԑmԑm pərăt šta i tanka pălăt sow sirmԑλ oλăs
54,data/AudioCorpus/Recordings/mns_fd136af3-054f-4c7f-95e1-993cced9bff2/014__╨╜╨│╨╕╨╗╤ï╨╗_╨╜_╨│╤ï╨╗╤é╤ï╤Å╨╜_╨▓_.wav,"jonɣ'iləl jon­ɣiltijanuw, sossa m'irət s''irəl kasuŋkw'ee xan'is'­tijanuw.",jon­găλ jontwil­ti nʉw səsăň mirăt śirn kăsuňk i χănśti nʉw
55,data/AudioCorpus/Recordings/mns_3696732f-c891-4e0b-b306-3aa88f4c3d23/044_╨£╨░_╨╜╤î_╤ü╨░_╨╗╤ï_╨┐╤â╨▓╤â_╨║╨▓╨╡.wav,"mān' sāli puwuŋkw'ee taŋx'eē­ɣət k'ee, tin's'aŋ n'ojololow lākw sāw'itəɣ sōxtuŋkw'ee ēr'i.",măn' saλəw puχəm ki tăňχijt ki tinśăň njoλəw lakəs awiti səχtəŋki i
56,data/AudioCorpus/Recordings/mns_98188aac-566e-4606-9f72-9071898149ff/047_╨É╨║╨▓_╨╝╨╛_╨╕╠å╤é_╤ü╤â╤ü╤ü╤ï╨╗╤é╨░╨╜_.wav,akw mōjt sussiltan māɣsəl os norkol pōslisūw.,ak mojt suλtăn măjtsəs os nor kol posλəs
57,data/AudioCorpus/Recordings/mns_60f76664-d5fb-45c1-9a28-56f178e825dc/008_╨É╨╝_╨£╨░╨╗╨░╤Å_╨í╨╛╤ü╤î╨▓╨░_╨╜╨░╨╝╨┐.wav,am «malaja sos'wa» nampa зapow'eeдn'ikət mā-w'ət urɣalan xōtpaɣ naliman nupəl at tāl rup'itasum.,ămmăλaja sośwa nԑm păsa pa wnjkăt ma wit urwԑλn χot pa nԑmăn nəpaλa tăλ rəpităsum
58,data/AudioCorpus/Recordings/mns_60f76664-d5fb-45c1-9a28-56f178e825dc/018_╨ó╨░_╨┐╨╛╤Ç╨░╤é_╨┐╨╕╤é╨╛╨╝╨╜╨╕╨║╤ï╨│_.wav,ta porat p'itomn'ikəɣ lāw­ne kol ōləs.,ta porăt pitomnik i λamnij kol oλăs
59,data/AudioCorpus/Recordings/mns_98188aac-566e-4606-9f72-9071898149ff/026_╨ƒ╨╡_╤ü_╨┐╨╛╤Ç╨░╤é_╨╝╨░_╤à╤â╨╝_╤é╨░.wav,p'eēs porat māxum taml'ee xansat ūrɣalaxtən māɣsəl jūntsanəl os s'urtsanəl.,pԑs porăt ma χum tăm λiχăntset ur­galăχtan măjsəλ junt­săňăλ os śur­săňăn
60,data/AudioCorpus/Recordings/mns_440666bf-3a02-40d8-818c-99f6e67f3573/044_╨ƒ╤ï╨│╨╡_╨░╨║╨▓╨░╨│_╤Ä╨▓_╤é╨░_╤â_╤Ç.wav,piɣ'ee akwaɣ juw ta ūriste.,pʉň jakə juta urəsti
61,data/AudioCorpus/Recordings/mns_fd136af3-054f-4c7f-95e1-993cced9bff2/018_╨í╨╛╨▓_╤à╤â╨╝╤â╤ü_╤é╤ï╨╜╤é╨╗╨░_╨║╨▓╨╡.wav,"sow xumus tintlaŋkw'ee ēr'i, mānawn sussiltas.",săλi sowχuməs tinλăňk wԑri mănԑm sʉsəλtăs
62,data/AudioCorpus/Recordings/mns_98188aac-566e-4606-9f72-9071898149ff/035_╨Ñ╨╛_╤é╨░╨╗_╤ì_╤é╨┐╨╛╤ü_╤ü╤ì_╤Ç╨╕╨┐.wav,"xōtal, ētpos, sēr'iposət pōslisət.",ota λt păsarija păs posλňăs
63,data/AudioCorpus/Recordings/mns_980c2886-1b28-406d-ae4b-5a76c9bfd98d/058_╨í╨░_╨╗╤é╨░╤é╤ï╤é_╤é╤ï_╤é╨╛_╤ü╨╗╤ï╨╝.wav,sāltatət ti tōsləm tēnutən isum w'ət sōs'eēɣət os tāra ism'ət tēŋkw'ee w'eērm'eēɣət.,saltatiti təsλam tԑňutn isum wt sośjajt wəs tara jis mit tԑňkaj wԑrmijt
64,data/AudioCorpus/Recordings/mns_980c2886-1b28-406d-ae4b-5a76c9bfd98d/033_╨Ü╨╡_╤Ç_╨┐╨░_╨╜╨║╨░╨╜_╨┐╨░╤Ç╨░_╤ä╨╕.wav,"k'eēr pānkan para­ф'ən sōsēɣ, taml'ee isw'ees'ka xosa tēɣ.",kԑr pankam părafin səsijt tăm lis wԑt'ka χosătij
65,data/AudioCorpus/Recordings/mns_60f76664-d5fb-45c1-9a28-56f178e825dc/028_╨ó╤ï_╤ì_╨╗╤ï_╨┐╨░_╨╗╤é_╤é╨░╨╝╨╗╨╡_.wav,ti ēli-pālt taml'ee uj «malaja sos'wa» māt s'ar at wās''in'tasuw.,tλi păλtămλi uj măλaja soj­somăt śărăt maśintăsəw
66,data/AudioCorpus/Recordings/mns_fd136af3-054f-4c7f-95e1-993cced9bff2/023_╨ƒ╨╡_╤ü_╨┐╨╛╤Ç╨░╤é_╤é╨░╨╝╨╗╨╡_╤â╤é_.wav,p'eēs porat taml'ee ut tromaɣan māt ōlne xanti ōs'sət.,pԑs purăt tămλi ut trăma kan mătolnə χănti wośsăt
67,data/AudioCorpus/Recordings/mns_60f76664-d5fb-45c1-9a28-56f178e825dc/024_╨ó╨░_╨╜_╨£╨░_╨╜╤î_╨ó╨░_╨│╤é_╤Å_╤é.wav,"tān mān' tāɣt jāt, konдa jāt os ess jāt ōlēɣət.",tăň măntaktja kontajat ost ԑsjat uλijt
68,data/AudioCorpus/Recordings/mns_980c2886-1b28-406d-ae4b-5a76c9bfd98d/061_╨ó╨╛_╨╜╤é_╤é╨╛╤é_╨╛╤é_╨║╨░╨╝╨║╨╕_╨┤.wav,tōnt tot ot kamk'i дo kamakana nampa mujlən xōtal ōləs.,tont at kam kiλa kămakănana pa mʉλi χota λəλăs
69,data/AudioCorpus/Recordings/mns_fd136af3-054f-4c7f-95e1-993cced9bff2/011_╨ó╤ï_╤é╨░_╨╗_╨┐╨░_╨▓╨╗╤ï_╨░_╨│╨╕╤Ç.wav,ti tāl pāwləŋ āɣ'ir'is''ət om piɣr'is''ət ur'inēkwa xōtal os wors''ək xōtal janitlaŋkw'ee wōwiɣlasa­nuw.,ti tăλ pawλăňăj ri śităs pijriśit wʉrin eka χotăλ os worśak χotăλ janitλaňkw wə­wgλăsԑm
70,data/AudioCorpus/Recordings/mns_98188aac-566e-4606-9f72-9071898149ff/063_╨₧╤ü_╤é╤ï_╤à╨╛╤ü╤ï╤é_╨Ñ╨╛_╨╜_╤é╨░_.wav,os ti xosət xōn­taŋ rajon janitəl jalasēɣət.,osti χəsit χontăň rajon nԑňi təw lăsijt
71,data/AudioCorpus/Recordings/mns_4852643b-549d-4b41-9b8f-b624aac64f1b/065_╨Ñ╨░╨╜╤é╤ï_╨╜╤ì_╤ë╨░_╨╜╤î_╨╗╨░_╤é_.wav,xanti nē s'ān' lātŋe ōs at wāɣte.,χănti nijaśań λat­mija oλsăt wajti
72,data/AudioCorpus/Recordings/mns_60f76664-d5fb-45c1-9a28-56f178e825dc/053_╨ƒ╨░╨▓╨╡╨╗_╨Ü╨╕╤Ç╨╕╨╗╨╗╨╛╨▓╨╕╤ç_╨▓╨╛_.wav,paw'eel k'ir'illow'əч wōr tāl ōluŋkw'ee s'ar at wērm'i.,pa wɵň kirilowicz wort aλ oλəŋ ki śărăt wԑrti
73,data/AudioCorpus/Recordings/mns_98188aac-566e-4606-9f72-9071898149ff/009_╨É╨╜╤î_╨║╤â_╤ë╨░╨╕╨│_╤é╨╛╤é_╨É╨╗╨╡╨║.wav,an' kūs'aəɣ tot al'eeksanдra wlaд'im'irowna eф'imowa ōli.,an' kʉśij tət alksandra ladimiran năjw imola omi
74,data/AudioCorpus/Recordings/mns_98188aac-566e-4606-9f72-9071898149ff/043_╨ƒ╨╡_╤ü_╨┐╨╛╤Ç╨░╤é_╤é╨╛╤à_╨╛_╨╗╤ï╤ü.wav,p'eēs porat tox ōləs.,pԑspărăt tăχ oλăs
75,data/AudioCorpus/Recordings/mns_98188aac-566e-4606-9f72-9071898149ff/075_╨¥╨╕╨╜╨░_╨í╤é╨╡╨┐╨░╨╜╨╛╨▓╨╜╨░_╨ª╨╡╤à╨╜.wav,"n'ina st'eepanowna ц'eexnowa ti rūpatan xun' wujxatas, rajonuw janitəl jalasas.",inăsti pănnԑt săχ­nowăt i rəpatăn χʉň wojχatăs rajon ow'jaň iλtλ lasăλ
76,data/AudioCorpus/Recordings/mns_fd136af3-054f-4c7f-95e1-993cced9bff2/052_╨ó╨░_╨╜_╨░╨╜╤ü╨░╨╝╨▒╨╗╤Å╨╜╤ï╨╗_╨▓╨░_.wav,"tān ansamбl'ajanəl wāt'ixal sāwsər usitn, pāwlitn ērɣuŋkw'ee, jīkwuŋkw'ee an' wōwiɣlaw'eet.",tăm ăn sămλԑmn λwa tiχaλs ărsi uλsən pawλn r kʉňki ikʉňki ăn' wəwλəwt
77,data/AudioCorpus/Recordings/mns_980c2886-1b28-406d-ae4b-5a76c9bfd98d/051_╨É╨║╨▓_╨┐╨╛╤Ç╨░╤é_╨╝╨░_╨╜_╨┐╨░╨╗╤é╤â.wav,akw porat mān paltuw mortka pāwilt ōlne nē xōtpat joxtalasət.,ak wpa­răt măn păλtʉw mordka pawət oλňăn nԑχot pa joχtăλăsət
78,data/AudioCorpus/Recordings/mns_440666bf-3a02-40d8-818c-99f6e67f3573/024_╨É╨╜╤î_╤é╨░╨╕╠å_╨░╤é_╨╜╨╛╨╝╨╕╨╗╤â╨╝_╨╝.wav,"an' taj at nom'ilum, mansāw'ət tāl ās'uw xōntlas.",ajn tăj atno miləm ăn swt tăλ aśʉw χənλa
79,data/AudioCorpus/Recordings/mns_98188aac-566e-4606-9f72-9071898149ff/092_╨ó╤ï_╨║╨░╤ü╤é╤ï╨╗_╨╝╨░_╨╜_╨╛╤ü_╤ü╨░.wav,ti kastəl mān os sāwsər sussiltapət wāriɣlasūw.,ti kăstəmăn saw­sir sʉsəλta pa wăribλa suλ
80,data/AudioCorpus/Recordings/mns_440666bf-3a02-40d8-818c-99f6e67f3573/013_╨⌐╨░_╨╜╤Ä╨▓_╤é╨░╨║╨║╨╡_╤é_╨╜╤Å_╨▓╤Ç.wav,s'ān'ujuw takk'eēt n'ajāwramane jot xul'təs.,śăňup taket njawrԑmăn jot χuλtəs
81,data/AudioCorpus/Recordings/mns_980c2886-1b28-406d-ae4b-5a76c9bfd98d/050_╨£╨░_╤ê╨╕╨╜╨░_╨╗╨░╨┐_╨┐╨░╨╜╤é╤â_╨║╨▓.wav,māш'ina lap-pantuŋkw'ee saka jomas.,mašina λapăntʉň kisăka jomăs
82,data/AudioCorpus/Recordings/mns_4852643b-549d-4b41-9b8f-b624aac64f1b/018_╨¥╨░╤é╨░╨╗╤î╤Å_╨▒╤â╤à╨│╨░╨╗╤é╨╡╤Ç╤ï╨│_.wav,"natal'ja бuxɣalt'eerəɣ tot rup'iti, ol'ees'aja - n'ajāwramət urɣalan kolt.",nătăλja wuχa aλ­tiraj tʉtra upitti aλeśa njawrԑmăt wurgalan kəλ
83,data/AudioCorpus/Recordings/mns_440666bf-3a02-40d8-818c-99f6e67f3573/047_╨É╨╝_╤ü╨╛_╤é╤ï╤Ç╨░_╨╛╨╜╤é╨╛╨╗╨╛╨▓_╤ü.wav,am sōtira ontolow sāt xōtpa nupəl xōtət tālət lūi n'ajār'ixum'ət pāwiln rup'i­taŋkw'ee joxtisum.,am sotara ont oλăw săt χot pănupλ χotit tăλăt λʉj njarik χumit păλn rupi tăňka joχ tisum
84,data/AudioCorpus/Recordings/mns_3696732f-c891-4e0b-b306-3aa88f4c3d23/037_╨ó╨░╨▓_╨┐╨░_╤à_╨▓╤é╤â_╨║╨▓╨╡_╤ü╨░╨║.wav,"taw pāx­wtuŋ­kw'ee saka jomas'akw'ee w'eērm'i, nas l'ujūl'­saŋ wār'əm sāɣ­rap w'əs.",tăw păχtuňki săka jəmaśa ki wԑr­nij unăs λʉλsăň wărԑm sajrəp wis
85,data/AudioCorpus/Recordings/mns_98188aac-566e-4606-9f72-9071898149ff/042_╨ó╤ï_╤à╨░╨╗╤é_╨║╤â╨╗╤î╤é╤â╤Ç╨░╨╜╤ï╨╗_.wav,ti xalt kul'turanəl urəl lātəŋ lāw'eēw.,tiχăλt kul'turăňăλ urăλ λătăň λawjaw
86,data/AudioCorpus/Recordings/mns_fafddecd-cba3-48ad-bc8d-361d3219331a/020_╨ó╤ï╤é_╨░╨╜╤î_╤Å╨╜╤ï╨│╤à╨╛_╤é╨┐╨░╤é_.wav,"tit an' janiɣxōtpat os mān'lat māxum akwan-xōntxatēɣət, xalanilt.",tijtajən jenem χatət posmɵn λant maχəm χon χatət ewət χaλanəwət
87,data/AudioCorpus/Recordings/mns_60f76664-d5fb-45c1-9a28-56f178e825dc/011_╨ó╨░╨▓_╤ü╨╛_╤é╤ï╤Ç╨░_╨╛╨╜╤é╨╛╨╗╨╛╨▓╤ü.wav,"taw sōtira ontolowsāt xōtpan nupəl ōwəl tāl mus rup'itas, tuwəl lap-pantw'ees.",tăw sotra ontəλăs at χot păn upăλ owλ tăλ muλsola pităλ tʉwλ lăp păntws
88,data/AudioCorpus/Recordings/mns_fafddecd-cba3-48ad-bc8d-361d3219331a/036_╨ó╨╛╤é_╨║╨╕╤é_╨╝╨░_╨╜╤î╤ë╨╕_╤ü╨░╤à╨╕.wav,tot k'ət mān's''i sax'iəɣ sussiltaw'eesə̄ɣ.,tɵt kit mănśi săχi jiwλ śuλtən tăsəw
89,data/AudioCorpus/Recordings/mns_f200f116-5d2a-42d9-bb8c-9204dbcd0362/013_╨Ü╨╕╤é_╤ü╨╛_╤é╤ï╤Ç╨░_╨╛╨╜╤é╨╛╨╗╨╛╨▓╤à.wav,k'ət sōtira ontolowxujplow tālt sankt-p'ee­t'eer­бurɣ janəɣ ust k'ina pōs­lən nampa inst'itutta xa­n'is'taxtasum.,kitsotr ŏntəw χuj tʉw tăλsăň ptrburg jani uost kina posλam nԑm pa institutta χăništa χătasum
90,data/AudioCorpus/Recordings/mns_f200f116-5d2a-42d9-bb8c-9204dbcd0362/025_╨É╨╝_╤ü╨┐╨╡_╤å╨╕╨░╨╗╤î╨╜╨╛╤ü╤é╤Ä╨╝_╨╕.wav,am sp'ee­ц'ial'nost'ujum «in­фor­maц'ionnəe s'is­t'eemi i proɣram­m'irowan'əe» lā­waw'ee.,am spi­sialnostiom informan­onnoj sistԑma i prog­ram­wani la­wowen
91,data/AudioCorpus/Recordings/mns_f200f116-5d2a-42d9-bb8c-9204dbcd0362/044__╤é╤ï╨╗╨╜╤â╨▓_╨ô╨╡╤Ç╤å╨╡╨╜_╨╜╨░╨╝╨┐╨░.wav,jotilnuw ɣ'eerц'een nampa luimā inst'itutna m'inuŋkw nomsaxtuŋkw'ee patsum.,jotăλn w rtsăn nԑm pa λojum ăn­stitutňa minum w nəmsăχ tăňkwe pătsum
92,data/AudioCorpus/Recordings/mns_d168849d-d7c0-4256-b9ce-f807ed00c58c/010_╨ó╨░_╨╜_╨╝╨░_╨╜_╨╛_╨╗╤â╨┐╤ü╨░╨▓_╨╝.wav,tān mān ōlupsaw māɣəs jomas wārmal'ət wārēɣət.,tăň măn oλəpsəλ măjs joməs warmanλət warijt
93,data/AudioCorpus/Recordings/mns_d75ef925-709f-4a33-9f1a-046a659a4077/034_╨£╨░_╨╜_╨╕╤ë╤à_╨┐╤ï_╨╝╨░_╤é_╤à╨░╤ü.wav,mān is'xīpəŋ māt xasxatēw.,măň śi pin măt χăs χătew
94,data/AudioCorpus/Recordings/mns_f200f116-5d2a-42d9-bb8c-9204dbcd0362/017_╨É╤ü╤é╨╗╨░╨╜_╨┐╨╛╤Ç╨░╤é_╨░╨╝_╨║╨╕╨╜╨░.wav,astlan porat am k'ina pōsli­sum.,astλăň pərăt ăn kina posλăsum
95,data/AudioCorpus/Recordings/mns_f200f116-5d2a-42d9-bb8c-9204dbcd0362/039_╨£╨░_╨╜╤î_╨┐╨╛╤Ç╨░_╤é╨░_╨│╤ï╨╗_╨╝╤â.wav,"mān' pora tā­ɣəl muз'eeət xuntlasum, xumus sāw m'irət ural mā janitəl ōlsət.",măň piratajaλ muzjt χuntλăsum χuməsa w mir­it uraλ ma nԑtiλ oλsăt
96,data/AudioCorpus/Recordings/mns_f200f116-5d2a-42d9-bb8c-9204dbcd0362/028_╨Ü╨╕╤é_╨░_╨┐╤ë╨╕╤Å╨│╤â╨╝_╤é╨░╨╕╠å_╤é╨╛.wav,"k'ət āps''ijaɣum taj torɣamtēɣ, os juwl'ee rus' lātəŋ potirtēɣ.",kit apśijajum tԑj tərԑm tԑj mos juwλi rʉšλătăn putăr tԑj
97,data/AudioCorpus/Recordings/mns_d168849d-d7c0-4256-b9ce-f807ed00c58c/003_╨₧_╨▓╤ï╨╗_╤ë_╤ü_╨Ñ╨░╨╜╤é╤ï_╨£╨░╨╜╤ü.wav,ōwəl s''ojos xanti-mans'ijsk ust low-k'itxujplow s''islat māxumət akwan-atiɣlawēsət.,χoχəλ śos χantimossijsk wʉst λowkət χojpλʉw śisλăt ma χəmăt ăkwă­ňăti goλa wԑsăt
98,data/AudioCorpus/Recordings/mns_f200f116-5d2a-42d9-bb8c-9204dbcd0362/015_╨Ü╨╕╤é_╤ü╨╛_╤é╤ï╤Ç╨░_╨▓╨░_╤é_╨╜╤â╨┐.wav,k'ət sōtira wāt nupəl n'ila tālt am ɣrant-olnəl tāstuwēsum.,kit sotra wat nəupəλnila tăλ amma grantəλ mʉw tăstə wԑsum
99,data/AudioCorpus/Recordings/mns_d75ef925-709f-4a33-9f1a-046a659a4077/063_╨í╨░_╨▓_╨╝╨░╤ü_╤ü╤ï╨╝╤ï_╨╗╨░_╤é_╤ï.wav,"sāw jomas, siməŋ lātŋəl kētilum.",saw joma smən λătna uwătijətəλəm
100,data/AudioCorpus/Recordings/mns_f200f116-5d2a-42d9-bb8c-9204dbcd0362/038_╨£╨░_╨╜_╤ë_╨╝╤î╤Å╨▓╤é_╨╛_╨╗╤ì_╨▓_.wav,"mān s'ēm'jawt ōlēw: s'ān'ujum, ās'um, am os ēs'um.",măň śԑm wt oλew śan'um aśum am osăjśum
101,data/AudioCorpus/Recordings/mns_f200f116-5d2a-42d9-bb8c-9204dbcd0362/018__╨»╨╝_╨¥╤â╨╝╨░╤ü╨╜_╤à╨░╨╜╤é╤ï_╨╗╨░_.wav,«jam numasn» xanti lātŋəl nam'ee ōli.,m număňs χănti ladnəλ nԑmi oλe
102,data/AudioCorpus/Recordings/mns_d75ef925-709f-4a33-9f1a-046a659a4077/055_╨ó╨░_╨╜_╨╝╨░_╨╜╤î╨╗╨░╤é_╤à╨╛_╤é╨┐╨░.wav,tān mān'lat xōtpan sāw nomt w'iŋkw n'ojōtēət.,tăň mănλăt χot păn saw numət wiňk w njotijən
103,data/AudioCorpus/Recordings/mns_d168849d-d7c0-4256-b9ce-f807ed00c58c/035_╨ó╨╛╤é_╨╛╤ü_╨¥╨░╤é╨░╨╗╤î╤Å_╨»╨╜╤å╨╡╨▓.wav,tot os natal'ja janц'eewa takw'i oln sēlne xōtpa ōləs.,tət osňăt aλija nsowa tătwi oλn sԑλn χətpa oλăs
104,data/AudioCorpus/Recordings/mns_d75ef925-709f-4a33-9f1a-046a659a4077/059_╨¥╨░_╨╝╨░_╨╜╤î╨╗╨░╤é_╤à╨╛_╤é╨┐╨░╤é_.wav,naŋ mān'lat xōtpat māɣəs kus'aj nē.,năň mănλăt χot păt măjs kʉśajnija
105,data/AudioCorpus/Recordings/mns_f200f116-5d2a-42d9-bb8c-9204dbcd0362/003_╨É╨╝_╤é╨╛╤é_╤à╨░╨╜╨╕╤ë╤é╨░╤à╤é╤ï╨╜_╤à.wav,"am tot xan'is'taxtən xōtpat jot potirtasum, tān tox lāwsət.",am tət χaniśta χătən χotpăt jət putărtăsum tăm təχ lăwsət
106,data/AudioCorpus/Recordings/mns_143ecaaa-dd14-49fa-bb8c-09fc20531386/038_╨¥╤Å_╨▓╤Ç╨░╨╝╤ï╤é_╤é╨░_╨║╨╡╨╝_╨╛_╤ü.wav,"n'ajāwramət ta­k'eem ōs jīkwsət, ērɣisət.",njawrԑmən tătm os ji­kʉsət i ar­χəsət
107,data/AudioCorpus/Recordings/mns_cda66fd8-a3d4-481b-96cf-9c71128dfa06/025_╨£╨░_╨╜╨░╨▓╨╜_╤ü╨░╨║╨░_╨╝╤ë╨░╨║╨▓_╨╜.wav,mānawn saka joms'akw n'ojōtəs.,mănԑwn săka jomśak w njotăs
108,data/AudioCorpus/Recordings/mns_bd6dd4de-8b23-4ea6-91e3-0f0064353ba8/017_╨ó╤ï╨╕_╨║╨░_╤ü╤ï_╨╝╨░_╨╜╤î_╨░_╨│╨╕.wav,tii kāsəŋ mān' āɣ'ir'is'kw'ee man piɣr'is'akw'ee wos wāɣte.,tii kasn măň ăriśki măn pԑriśăkw wəs wajti
109,data/AudioCorpus/Recordings/mns_94368b57-9316-4266-abd0-1e929a7b9a5c/029_╨í╨░_╨▓_╨╜_╤é╨╝╨╕╨╗_╨▓╨╛_╨▓╨╜╤ì_╨╗.wav,sāw n'ojōtm'əl wōwne lātŋət k'eētuŋkw'ee patsət.,saw njotnoj wow­noj lăt­χət kԑtum χi pătsət
110,data/AudioCorpus/Recordings/mns_caf7285f-dd12-4e42-b005-50af80101474/026_╨¡_╤Ç╨╜╤ì_╨╜╤ì_╨┐╨░╨║╤ï╤é_╨░╨║_╨▓╨░.wav,ērne nēpakət ak­wan-atne māɣəs taxol't nēm­xotal' m'inuŋkw'ee at ēr'i.,rn nԑpăkət ăkwaňnăt nԑma jʉs tăχəλt nԑm χutăλ minum kʉja tԑri
111,data/AudioCorpus/Recordings/mns_201331b6-6440-4632-9c9a-4eedb6e6523f/008_╨É╨╝_╤Å╨╜╤ï╨│_╨░╤ë╨╛_╨╕╠å╨║╨░╨╝_╤à╤â_.wav,"am janəɣ as'ōjkam xūl alis'las, wōrajas.",amn'ana aśikəm χʉλəw aλuśλăs wojaja
112,data/AudioCorpus/Recordings/mns_143ecaaa-dd14-49fa-bb8c-09fc20531386/015_╨ó╨░_╤Ä╨╕_╨┐╨░_╨╗╤é_╤é╨░╨▓_╨╗_╨┐╨╛.wav,ta jui-pālt taw jol-pōilt­tālw'ees.,ta jʉipaλ tăm joλ puλt tăλəs
113,data/AudioCorpus/Recordings/mns_cda66fd8-a3d4-481b-96cf-9c71128dfa06/059_╨É╨╜╤î_╨╛_╨▓╤ï╨╗_╤ü╨┐╨╡╨║╤é╨░╨║╨╗╤î_.wav,an' ōwəl sp'eektakl' susne māxum pussən jomas nomtəl juw m'inasət.,ӑňəλ spk­takλsus nԑmaχum pʉsn jəmăs nəm­təjum minasat
114,data/AudioCorpus/Recordings/mns_cda66fd8-a3d4-481b-96cf-9c71128dfa06/045_╨₧_╨▓╤ï╨╗_╤à╨╛_╤é╨░╨╗╤é_╨╜_╨│╨╕╨╗╨░.wav,ōwəl xōtalt jon­ɣ'ilanilt sussiltamanəl jui-pālt art'istat ōs k'i­tiɣlaw'eēsət.,owa χuatăλt junχiλăn ut su­suta mănoj wipăλt artistăt as­kiti lawjasa
115,data/AudioCorpus/Recordings/mns_30e5257a-1de6-4014-aae6-2085dddbfd63/017_╨₧╤ü_╨╝╨╛_╤é╨░╨╜╤ï╤é_╤é╨░_╨╜╨║╨╕_╨╛.wav,os mōtanət tānk'i ōlne mā­nanilt manxur'əp tēlat torəɣ mān'lat xōtpat jot rup'i­tēɣət.,osmătăňăt tăn­kioλňi mănănowt măn χurip tԑλăt tʉri mănλăt χotpatśot rʉpijti
116,data/AudioCorpus/Recordings/mns_caf7285f-dd12-4e42-b005-50af80101474/003_╨£╨╛╤ü╨║╨▓╨░_╤ü╤é_╨░╨║╨▓╨░╨╜_╨░╤é╤ï╨│.wav,moskwa ust akwan-atiɣlaw'eēsət.,moskwa uλsn ăkwăn ătĭr λawja­săt
117,data/AudioCorpus/Recordings/mns_caf7285f-dd12-4e42-b005-50af80101474/067_╨₧╤ü_╤ü╤ì_╤Ç╤è_╤Ç╤ï╨│_╨▓╨░_╤é_╤é╨░.wav,os sērъjorəɣ wāt tāle tōwlum jui-pālt jīwnəl jorɣas'laŋkw'ee pa­təs.,os sԑr jurew wat­tԑλet oλum ju ji­păλt jiwnʉw jururaśλăň kwi pătăs
118,data/AudioCorpus/Recordings/mns_143ecaaa-dd14-49fa-bb8c-09fc20531386/039_╨ó╤â╨▓╤ï╨╗_╨░╨║╨▓_╨╝╨░_╨╜╤î╨╗╨░╤é_╨╜.wav,tuwəl akw mān'lat nē oksana kuзn'eeцowa joɣa alp'i n'ujūnsalālne nakət sussiltas.,tuχλ at mănλăt nԑ ăk săňa kʉšňătsuwa joga aλpi njontsăλaλ nԑ năkăt sʉsăλtăs
119,data/AudioCorpus/Recordings/mns_cda66fd8-a3d4-481b-96cf-9c71128dfa06/035_╨₧╤ü_╤ì_╨╗╤â╨╝╤à╨╛_╨╗╨░╤ü_╨░_╤é╨╕╨╝.wav,"os ēlumxōlas āt'iməɣ ēmtm'ee jui-pālt, nasat'i, matsāw'ət is ōn's''i.",măs ԑλum χăλăs ati mʉň jkna juijpăt năsăti mătsawt jis on'śij
120,data/AudioCorpus/Recordings/mns_cda66fd8-a3d4-481b-96cf-9c71128dfa06/048_╨ó╨╛_╨╜╤é_╨║╨░_╤ü╤ï_╨╗╨░_╨▓╨╜╤ì_╨╗.wav,tōnt kāsəŋ lāwne lātŋət manos ēr­ɣət.,tən kasnλawna λatχăt măna sԑrăt
121,data/AudioCorpus/Recordings/mns_94368b57-9316-4266-abd0-1e929a7b9a5c/049_╨¢╨╛╨▓_╤ü╨░_╨║╨║╨╛╨╜╤ï╤é_╤à╨░╨╗╤é_╨┤.wav,low sākkonət xalt д'eeputatət taml'ee tāk lātəŋ p'irmajtasət.,λowazakonătχaλ diputatăt tămλi tak λatăň pirmajtăsi
122,data/AudioCorpus/Recordings/mns_bd6dd4de-8b23-4ea6-91e3-0f0064353ba8/011_╨ó╤ï_╤é╤ì_╨╗╨░╨╜╤ï╨╗_╤â╤Ç╤ï╨╗_╨╕╤ë╤à.wav,ti tēlanəl urəl is'xīpəŋ lōpsət tān tox xasmət.,ti tԑλăňăn urλ i śi pʉň lăpsătăn toχ χăsmăt
123,data/AudioCorpus/Recordings/mns_caf7285f-dd12-4e42-b005-50af80101474/014_╨ó╨╛_╨▓╨░_╨┐╨╛╤Ç╨╝╨░╤ü╤ï╤é_╨í╨╡╤Ç╨│╨╡.wav,tōwa pormasət s'eerɣ'eej k'ajalunз'iɣa wārsane.,towa purmăλăt śir­kij kʉλan'zika wărsănԑ
124,data/AudioCorpus/Recordings/mns_caf7285f-dd12-4e42-b005-50af80101474/022_╨ó╨░_╤ë╨╕╤Ç╤ï╨╗_╨║╨░_╤ü╤ï_╤à╨╛_╤é╨┐.wav,ta s''irəl kāsəŋ xōtpa uɣoд'ija ōn'­s''eēɣət.,ta śi kasəŋ χot pa uŋkʉtije ońśijət
125,data/AudioCorpus/Recordings/mns_caf7285f-dd12-4e42-b005-50af80101474/012_╨ú╨┤╤ì╨│╨╡╨╕╠å_╨╝╨░_╤à╤â╨╝_╨╝╨░╤ü╨╜╤â╤é.wav,uдeɣ'eej māxum masnutanəl sownəl jūn­tijanəl.,uti jimaχəm măsnutănʉw soλnəw jontijanʉw
126,data/AudioCorpus/Recordings/mns_30e5257a-1de6-4014-aae6-2085dddbfd63/013_╨£╨░╨║╤ü╨╕╨╝_╨É╨╗╨│╨░╨╕╠å╨║╨╕╨╜_╨╝╨░╤Ç╨╕.wav,"maks'əm alɣajk'ən, mar'əj māxum kul'tura ēlal' totne xum, tai lāwəs.",măk­simaλ kăjken mari ma χum kul'tura ԑλăλtutňa χum tăj λawăs
127,data/AudioCorpus/Recordings/mns_143ecaaa-dd14-49fa-bb8c-09fc20531386/023_╨£_╨╕╠å_╤à╨╛_╤é╨┐╨░╤é_╨░_╤Ç╤é╨░╨╗╨░╨╜.wav,muj xōtpat ārtalan māɣəs sāwsər saŋkwlip'ilitəl tittisane.,muj χot păt artăλan măχăs sowsăr săňχi piλitλ titti săňi
128,data/AudioCorpus/Recordings/mns_cda66fd8-a3d4-481b-96cf-9c71128dfa06/027_╨æ╨╕╨╛_╨╝╨╡╤à╨░╨╜╨╕_╨║╨░_╨Æ╤ü╨╡╨▓╨╛╨╗.wav,б'io­m'eexan'i­ka ws'eewoloдa m'eej'eer­xol'дa nampa nakitn xan'is'tasane.,mχanikov stiwλăta mijăr χoλda nԑm pănakăn χănś tăsăňăn
129,data/AudioCorpus/Recordings/mns_201331b6-6440-4632-9c9a-4eedb6e6523f/022_╨É╨╜╤î_╨ó╨╕╨╝╨║╨░╨┐╨░_╨▓╤ï╨╗_╨╝╨░_╨╜.wav,"an' t'imkapāwəl mān' pāwəl, tot māш'inat at jalasēɣət, traktorət at kurɣ'eēɣət.",aň tmk păeλ măň păeλ tət mašnəλ at λaλ osijət tractorăt at kʉr
130,data/AudioCorpus/Recordings/mns_caf7285f-dd12-4e42-b005-50af80101474/048_╨É╨╝_╤ü╨╛╨▓╨╜╤ï╨╗_╨┐╨╛╤Ç╨╝╨░╤ü╤ï╤é_╤Ä.wav,"am sownəl pormasət jūntēɣum os xumus tānanəl jūntuŋkw'ee ēr'i, sussiltēɣum.",ӑm səňa purmăsăt juntajum os χumăs tănăňo juntum ki ԑri sʉsăλtajum
131,data/AudioCorpus/Recordings/mns_94368b57-9316-4266-abd0-1e929a7b9a5c/028_╨ó╨░_╨╜_╤ü╨╗╤â╨╢╨▒╨░╨╜╤ï╨╗╨╜_╤à╨╛_╨╜.wav,tān sluжбaniln xōntlam xōtpat manos tān s''eēm'janəl.,tăn slu­băn nuλt χuatλum χuat păt mănăs tăn śԑmja nuλt
132,data/AudioCorpus/Recordings/mns_143ecaaa-dd14-49fa-bb8c-09fc20531386/014_╨ƒ╤Ç╨╛╨│╤Ç╨░╨╝╨╝╨░╨│_╨┐╨░_╨╗╤ï╨╗_╤ì_.wav,proɣrammaɣ pā­ləl ēlal' totuŋkw'ee n'ojōt­w'ees.,programma păλum ԑλăt tətum kwi njotwis
133,data/AudioCorpus/Recordings/mns_201331b6-6440-4632-9c9a-4eedb6e6523f/001_╨ó╨╕╨╝╨║╨░╨┐╨░_╨▓╤ï╨╗╤é_╨░╨╝_╨░_╤ë╨╛.wav,t'imkapāwilt am ās'ojkam ōli. am namum tol'aja xamatnurow.,timka păλta maśujkam oλi am nԑmum toλja χămăt nura
134,data/AudioCorpus/Recordings/mns_94368b57-9316-4266-abd0-1e929a7b9a5c/035_╨₧╤ü_╨╜╨╕╨╗╨░_╨║╤â_╤ë╨░╨╕╠å_╤à╨╛_╤é╨┐.wav,os n'ila kūs'aj xōtpat k'ət sōtər wāt nupəl n'ila tāl səs.,wəsńiλa pʉśe χwat pa kit­sutra watnəpəλ niλa taλa
135,data/AudioCorpus/Recordings/mns_cda66fd8-a3d4-481b-96cf-9c71128dfa06/002_╨ó╤ï╨╜╨░╨║╤é_╤à╨╛_╤é╨░╨╗_╨╜╨░╨╝╨┐╨░_.wav,tinakt xōtal nampa ās-uɣorsk'əj t'eeatr.,ti năkt χu­tăλnԑm pa asugurskij tatr
136,data/AudioCorpus/Recordings/mns_94368b57-9316-4266-abd0-1e929a7b9a5c/036_╨Æ╨░_╤Ç╤â╨╝_╤Ç╤â_╨┐╨░╤é╨░╨╜╤ï╨╗_╤â╤Ç.wav,wārum rūpatanəl urəl potranəl xūntlisət.,ma arəm rʉpətən uraw putrən χuntəλəs
137,data/AudioCorpus/Recordings/mns_cda66fd8-a3d4-481b-96cf-9c71128dfa06/055_╨ó╤ì_╨╜_╨╝╨░_╤à╤â╨╝╨╜_╨╜╤ì_╨┐╨░╨║╤ï.wav,tēn mā­xumn nēpakəl wār'əm ujr'əs' kātn miɣəɣ.,tăň măχum nԑpkăl wărԑm ujriś katn
138,data/AudioCorpus/Recordings/mns_143ecaaa-dd14-49fa-bb8c-09fc20531386/042_╨Ñ╨╛_╤é╨░╨╗_╤é╨░╨║╨╡╨╝_╨╝╨░_╨╗╤é╤ï╨┐.wav,"xōtal tak'eem māltipəɣ os posiŋəɣ ōləs, mā­xum p'əl wātsət.",χuataλt etԑmăλti pa i wəsăp posĭňă oλăs năχum piλwatəsət
139,data/AudioCorpus/Recordings/mns_bd6dd4de-8b23-4ea6-91e3-0f0064353ba8/023_╨í_╨║╤ï╤Ç_╤ì_╤é╨┐╨╛╤ü_╨╛_╨▓╤ï╨╗_╤à.wav,sukər ētpos ōwəl xōtalēt saranpāwilnəl mān paltuw muj māxum joxtalasət.,sʉkʉr jatpăs owλ χuatăλĕt saran pa­wəλn uλ măn­paλ'tup muj ma χum joχtăλăsi
140,data/AudioCorpus/Recordings/mns_30e5257a-1de6-4014-aae6-2085dddbfd63/039_╨ó╨╛_╨╜╤é_╨║╤â╨╗╤î╤é╤â╤Ç╨░_╨╛╤ü_╨╜╨░.wav,"tōnt kul'tura os nauka kolt, шkolat os inst'itutt rup'itan sāwsər.",tən kul'turowoj s no­okol't školata ins­titut rəpităn sasăr
141,data/AudioCorpus/Recordings/mns_caf7285f-dd12-4e42-b005-50af80101474/001_╨ú╨┤╤ì╨│╨╡╨╕╠å_╨╝╨░_╤à╤â╨╝_╨╛_╨╗╤â╨┐╤ü.wav,uдeɣ'eej māxum ōlupsanəl.,uti ki măχum oλəpsăn
142,data/AudioCorpus/Recordings/mns_30e5257a-1de6-4014-aae6-2085dddbfd63/012_╨₧╤é_╨╕╨┤╨╡╨╕_╨┤╨╛_╤Ç╨╡╨░╨╗╨╕╨╖╨░╤å╨╕.wav,ot iд'eei дo r'eeal'iзaц'əi namtəm ōləs.,ot idejdo realizaija nԑm­ti muwaλs
143,data/AudioCorpus/Recordings/mns_30e5257a-1de6-4014-aae6-2085dddbfd63/028_╨£╨╛_╤é╨░╨╜╤ï╤é_╨ú╨┤╨╝╤â╤Ç╤é╨╕╤Å_╨╝╨░.wav,mō­tanət uдmurt'ija māt б'ee­s'eerm'ajan'ee māxum.,mʉtanăt ut muλtija mat bsrmn măχum
144,data/AudioCorpus/Recordings/mns_cda66fd8-a3d4-481b-96cf-9c71128dfa06/053_╨ó╤â╨▓╤ï╨╗_╤é╤ï_╨╜╨│╨╕╨╗╨░╨╜╤ï╨╗_╤ü╤â.wav,tuwəl ti jonɣ'ilanəl susne li-plt t'eeatrən joxtən mxum,təλăt ijon λăňăλ suλna ԑλi păλăt tatr tjoχtăn măχum
145,data/AudioCorpus/Recordings/mns_cda66fd8-a3d4-481b-96cf-9c71128dfa06/013_╨£╨░╨╜╤à╤â╤Ç╨╕╨┐_╤ì_╤Ç╨╜╤ì_╤é╤ì_╨╗╨░.wav,"manxur'əp ērne tēlat xul'tup­tijanēn, manər pōxan lakwtēɣ.",măňχoj pԑr nətλa χuλtupdjanjan măňr pəwaχăn lakλtijs
146,data/AudioCorpus/Recordings/mns_cfc7a27d-d8e0-4df2-a319-708b1a6d2ecb/019_╨ó╨░╨▓_╨│╤Ç╨░╨╜╤é_╨╛╨╗╨╜╤ï╨╗_╨╝╨░╨╕╠å╨╗.wav,"taw ɣrant-olnəl majluw'ees, ti olnitəl mōlti pāsəl kartoчkat wārəs.",tăw grant oλn măjλʉwəs ti oλn măλti pasəλ kartătkăt wăras
147,data/AudioCorpus/Recordings/mns_9631248b-70a9-4214-8041-be3ffe4740ca/001_╨₧╨╝╨░╨│╨╡_╨░_╤é╤Å╨│╨╡_╤à╨░╨╜╨╕╤ë╤é╨░.wav,omaɣ'ee-āt'ajaɣ'ee xan'is'tan xōtpaɣ ōlsəɣ.,oməŋ ati χănśnăn χuat pa λoλˊəλsəw
148,data/AudioCorpus/Recordings/mns_d62322fd-b3e5-4709-bf24-cff8061e45ed/041_╨ó╤ï_╤Å_╤é╨╕╨╗_╨░_╨│╨╕╤Ç╨╕╤ë╨║╨▓╨╡_.wav,ti jāt'əl āɣ'ir'is'kw'eēn os taw s''eēm'jatēn pustāɣəl ōlne lātəŋ t'eētēw.,ti jetiλ ăkirś kwjan oλ tăw śi m tԑn pʉstaw oλňăj latăň kԑtaw
149,data/AudioCorpus/Recordings/mns_9631248b-70a9-4214-8041-be3ffe4740ca/019_╨«╤Ç╤é╤ï_╨╜╤Å_╨▓╤Ç╨░╨╝╤ï╨│_╨╛╤ü_╨┐╨╕.wav,jurtəŋ n'ajāwraməɣ os p'it'ipatta mān' ēs'uw.,jurtəŋ ńawrəm ospiti păta mań ɛśəw
150,data/AudioCorpus/Recordings/mns_d62322fd-b3e5-4709-bf24-cff8061e45ed/014_╨É╨╝_╨╝╨░_╨╜╤î╤ë╨╕_╤é╤â╤Ç╨╗╨╛_╨┐╤ü_.wav,am mān's''i turlōps sakəl amt'i xartsum.,am man'śa tur lăp lakλ amti χărtλum
151,data/AudioCorpus/Recordings/mns_88c33b5a-ec48-4679-aeb6-ead6e7f69a6a/032_╨Ñ╨╛╤é╤ï_╨╜╤Å_╨▓╤Ç╨░╨╝_╨║╨╛╨╜_╨║╤â╤Ç.wav,xoti n'ajāwram kon­kursət nōx-patəs.,χotəj njawrԑm concurset năχ pătăs
152,data/AudioCorpus/Recordings/mns_3002b4aa-88b0-4e33-8c62-3bf964711e2f/003__╨¢╨╡╤ü╨╛╤à╤Ç╨░╨╜╨╕╤é╨╡╨╗╤î_╨╜╨░╨╝╨┐╨░.wav,«l'eesoxran'it'eel'» nampa is'xīpəŋ kam'eerat karəs mān taɣatēɣət.,λʉw soχranjtijλ nԑm pa iśipn kamirăt karăsman tă­kătij
153,data/AudioCorpus/Recordings/mns_d62322fd-b3e5-4709-bf24-cff8061e45ed/020_╨É╨╝_╨ò╨▓╨│╨╡╨╜╨╕╤Å_╨Æ╤î╤Ä╤é╨║╨╕╨╜╨░╨╜.wav,am ewɣ'een'ija w'jutk'inan mān'­s''i sup j'inuŋkw'ee n'ojōtw'eēsum.,am genija wʉt­knăn măn'śăsup jinum χuj njoat wԑsum
154,data/AudioCorpus/Recordings/mns_3002b4aa-88b0-4e33-8c62-3bf964711e2f/049_╨Ñ╤â╨╝╤â╤ü_╨▓╨╕╤é_╨╛_╨╜╤é╤ï_╨╝╨░╨╜╨╛.wav,xumus w'ət ōnti manos jolal' tōsmiɣtas.,kəmas wt oantti mănas juλaλ' toas muλtas
155,data/AudioCorpus/Recordings/mns_93778d7d-6d7f-4690-adc6-b5a050fe70c3/024_╨₧╤ü_╤é╨╕╤é╤à╤â╨╕╠å╨┐╨╗╨╛╨▓_╤à╨░╨╜╨╕╤ë╤é.wav,os t'itxujplow xan'is'taxtən n'ajāwramət janiɣmasət.,əstit χujəp λʉw χănś tăχn njawrԑm nԑməsət
156,data/AudioCorpus/Recordings/mns_41750756-d0b8-4e44-b90b-0d6770b8df9a/029_╨ó╨░_╨╜╤é╨╕_╨▓╨░_╤Ç╨╜╤ì_╤Ç_╨┐╨░╤é╨░.wav,tānt'i wārne rupatanəl urəl potirtasət os an' j'ist xumus masnutət.,tănti warni rəpatanλ urλ putərtăs os ăň jisət χuməs măsnotət
157,data/AudioCorpus/Recordings/mns_93778d7d-6d7f-4690-adc6-b5a050fe70c3/008_╨ó╨░╨▓_╤é╨░╨║╨║╨╡_╤é_╨┐╨░_╨▓╤ï╨╗╤é_.wav,"taw takk'eēt pāwilt ōləs, n'ajāwramane tōnt pussən saranpāwilt ōlsət.",tăta χătλ pa uλt oλăs ńawrԑməna təp pʉsn săran pa uλt oλăs
158,data/AudioCorpus/Recordings/mns_88c33b5a-ec48-4679-aeb6-ead6e7f69a6a/008_╨£_╨╕╠å╨╗╤ï╨╜_╤à╨╛_╤é╨░╨╗_╨▓╨░_╤Ç╤â_.wav,"mujlən xōtal wāruŋkw'ee okruɣ б'iбl'iot'eekat nēpak low'in'tan kol kus'aj nē, proekt xansiɣlas.",məλen χătăλ wărum kwa okrug bibliotkăt nԑ pokləntăn kol kəśajn nԑ projkt χănsijλăs
159,data/AudioCorpus/Recordings/mns_3002b4aa-88b0-4e33-8c62-3bf964711e2f/005_╨₧╤ü_╤à╨╛_╤é_╨┐╨╛╤ü╤ï╨╝_╨╝╨░╨╜╨╛╤ü_.wav,os xōt posəm manos tēnē nāj t'ee pōslēɣət.,os χatəλ posim mănəstən i najti osλijət
160,data/AudioCorpus/Recordings/mns_2102c826-500d-46de-868c-705bd8af0c29/022_╨ƒ╤â╤ü╤ü╤ï╨╜_╤à_╨╗_╨░╨╗╤ï╤ë╨╗╨░_╨║╨▓.wav,"pussən xul alis'laŋkw'ee kāsas''eēɣət, tuwəl xul sā­r'itēɣət, pājtēɣət, xuləŋ n'ajān' wār'eēɣət.",pʉsn χəλ aλăśλăň kuj kasa śir λʉwλ χuλsaritijt pa ajtijt χəλum njan'wari
161,data/AudioCorpus/Recordings/mns_d62322fd-b3e5-4709-bf24-cff8061e45ed/026_╨¥╨░╤é╨░╨╗╤î╤Å_╨Æ╨░╨╗╨╡╤Ç╤î╨╡╨▓╨╜╨░_╨╛.wav,natal'ja wal'eer'ewna omate raisa pawlowna m'eel'eexowa.,natalija waljarjewna oməti rajsa pawləwna mɛλi χowa
162,data/AudioCorpus/Recordings/mns_88c33b5a-ec48-4679-aeb6-ead6e7f69a6a/006_╨£_╨╕╠å╨╗╤ï╨╜_╤à╨╛_╤é╨░╨╗_╨▓╨░_╤Ç╤â_.wav,"mujlən xōtal wāruŋkw'ee okruɣ б'iбl'iot'eekat nēpak low'in'tan kol kus'aj nē, proekt xansiɣlas.",mojňăn χotăλ warum ki okrug bibliotekăt nԑ pa kləntăn kol kʉśăň nԑ prokjkt χăntsi
163,data/AudioCorpus/Recordings/mns_429299ad-9257-4d76-8a3e-8996ef83be1a/002_╨ò╨╗╨╡╨╜╨░_╨í╨╡╤Ç╨│╨╡╨╡╨▓╨╜╨░_╨Ü╨░╨╖╨░.wav,el'eena s'eerɣ'eeewna kaзakowa jot am tui porat potirtasum.,ilena sargijewna kasa kowa jɵt ăntuj purət putərta
164,data/AudioCorpus/Recordings/mns_3002b4aa-88b0-4e33-8c62-3bf964711e2f/042_╨Ñ╨░╤Ç╤ï╨│╤é╨░╨╜_╤à╨╛_╤é╨┐╨░_╤é╨╛_╨▓.wav,xariɣtan xōtpa tōwilxati manos iŋ xot'jut tuw t'eētuŋkw'ee ēr'i.,χăriλtăn χuat pa to�w χătij mănəs in χot'śut tuχt jatəŋk wɛr
165,data/AudioCorpus/Recordings/mns_88c33b5a-ec48-4679-aeb6-ead6e7f69a6a/042_╨Ñ╤â╨╝╤â╤ü_╨░╨╝_╨£╨░╨╗╨╡╨╜╤î╨║╨╕╨╕╠å_╨┐.wav,xumus am «mal'een'k'əj pr'inц» po­tər man's''i lātŋəɣ tolmas'laslum.,χʉmăs ăm măλeňki prinspotr măn'śi λătňăt oλmăśλăsλum
166,data/AudioCorpus/Recordings/mns_cc9f9e0f-8d0a-4fa7-9dc7-0955a2c05caa/065_╨ó╤â╨▓╤ï╨╗_╨╗╨░_╨▓╨╡_╨│╤ï╤é_╨É╨╗╨│╨░.wav,"tuwəl lāw'eēɣət, alɣaд'ewət kātposəŋ sāli iŋ xosa kā­tin-pat­talasət.",tʉw λawt ăλ katwăt kat păsum săλi iňχosa katn păt­tăλăsăt
167,data/AudioCorpus/Recordings/mns_88c33b5a-ec48-4679-aeb6-ead6e7f69a6a/018_╨æ╨╕╨▒╨╗╨╕╨╛╤é╨╡╨║╨░_╨┐╨╛_╤à╨░╤é_╨║╨╛.wav,б'iбl'iot'eeka pōxat kon janəɣ sц'eena wārw'ees.,bibljătka poχăt kon janăχsetsena warws
168,data/AudioCorpus/Recordings/mns_98484033-b7e8-4d69-9f66-c28c5a9ffa74/037_╨¥╨╛_╤à_╨┐╨░╤é╨╝╨░╨╜╤ï╨╗_╤Ä╨╕_╨┐╨░_.wav,nōx-patmanəl jui-pālt tān is'xīpəŋ tōtap l'ajapan m'inasət.,noχ păt măňλ juj păλ tăn iśχəpum tăta pλԑp wan minsăt
169,data/AudioCorpus/Recordings/mns_93778d7d-6d7f-4690-adc6-b5a050fe70c3/033_╨ó╨╛╤é_╨╝╨░_╨╜_╨▓╤ï╨│╤ï╤Ç_╨╛╤ü_╤ü╤ì.wav,"tot mān wiɣər os sēməl sosiɣp'əl wātēw, n'ajaslēw, xūlpəl xūl puw'eēw.",tətman wəjros sԑmλəs osi pʉlwatew njasλaw χopəλ χopəw
170,data/AudioCorpus/Recordings/mns_2102c826-500d-46de-868c-705bd8af0c29/042_╨ó╨░_╨╝╨╗╨╡_╨┐╤â╨╝_╨╗╤â_╨┐╤é╨░╨╗_╨┐.wav,tāml'ee pum-lūptal pusmaltaxtasət.,tǎm λˊupəm lupəλ pʉsmaλ tăχtəsət
171,data/AudioCorpus/Recordings/mns_9631248b-70a9-4214-8041-be3ffe4740ca/039__╤é╤ï╨╗_╨░╨╜╨╡_╨║╨▓╨░╨╝╨╜_╤Å╨╜╤ï╨│_.wav,"jotəl an'eēkwamn janəɣ usn wōww'eēsum, tiɣ ta j'isum.",jotəλ ăńəkəmən jănik ʉsəm wowəsəm ti tă jis
172,data/AudioCorpus/Recordings/mns_cfc7a27d-d8e0-4df2-a319-708b1a6d2ecb/028_╨ó╨░_╨▓╨░_╤Ç╨╝╨░╨╗╤î╨╜_╨╜╤Å_╨▓╤Ç╨░_.wav,ta wārmal'n n'ajāwra­mət mar'ija roɣaч'ojowa os ɣawr'əl anuфr'iew xan'is'­tasanēn.,tăw arməλn ńawrəmət marija răgojčowa osgawrijl anʉw ew χănśitasn
173,data/AudioCorpus/Recordings/mns_c4637cd7-b933-4239-89e1-e288474fd655/016_╨É╨╜╤î_╨Ñ╤â╨╗╤Ä╨╝╤ü_╨╜╤é_╨¥╤Å_╤à_╤ë.wav,"an' xul'ujumsunt, n'ajāx­s'amwōl', saranpāwəl, kul'­pas, sukirъja pāw­litnəl māxum joxtalasət os sāsnəl āni-sān jūnt­sət.",aň χurəm sʉňăt njaχśԑm wəλś săran păλ kulpas sukarja pawλtina măχm juχtas pa săsňăn ănisa ăn jonts
174,data/AudioCorpus/Recordings/mns_98484033-b7e8-4d69-9f66-c28c5a9ffa74/041_╨¥╤Å_╨▓╤Ç╨░╨╝╤ï╤é_╨╕╤ü╤é╨╛╤Ç╨╕╤ç╨╡╤ü╨║.wav,n'ajāwramət istor'iч'eesk'əj kluб kolanilt pāwləŋ māxma­nəl urəl sāwsər potrət xansēɣət.,njawrԑmăt istorijski klub kolanλ pa wənt măχmănλ urλaλ śir potrăt χăntsijt
175,data/AudioCorpus/Recordings/mns_c4637cd7-b933-4239-89e1-e288474fd655/027_╨Ñ╨╛╤é╤ï_╨┐╨╛╤Ç╨░╤é_╤à╨░╤Ç╨╕_╤ü╨░_╤ü.wav,"xoti porat xar'əŋ sās nujuŋkw'ee ēr'i, taml'ee sās xansal s'ur­tuŋkw'ee rōw'i.",χotəpʉrăt χărŋ săs nujum χuja­ri tămλi săs χănsəλ śurtum χuja­rowi
176,data/AudioCorpus/Recordings/mns_41750756-d0b8-4e44-b90b-0d6770b8df9a/039_╨ó╨╛╤é_╤â╨╜╨╕╨▓╨╡╤Ç╤ü╨╕_╤é╨╡╤é╤ï╤é_╨░.wav,"tot un'iw'eers'i­t'eetət, asp'iranturat xa­n'is'taxtən xōtpat tōnt'i дoklaдanəl low'in'tasət.",tət uniwrsittet aspi­ranturăt χănśtăχn χu­atλa tănti do­kladănλ λəwntăs
177,data/AudioCorpus/Recordings/mns_9631248b-70a9-4214-8041-be3ffe4740ca/006_╨₧╨╗╤î╨│╨░_╨É╨╜╨░╤é╨╛╨╗╤î╨╡╨▓╨╜╨░_╨╜╨░.wav,"ol'ɣa anatol'ewna, naŋ xotəl tiɣ joxtisən? xōt ōlēɣən?",oλ'gana toλəwən ăn χotəλti joχətəsən χat oλəjən
178,data/AudioCorpus/Recordings/mns_429299ad-9257-4d76-8a3e-8996ef83be1a/015_╨ó╨░_╨┐╨░_╨▓╤ï╨╗╨╜_╤à╨░_╨┐╤ï╨╗_╨╝╨╕.wav,ta pāwiln xāpəl m'inuŋkw'ee āt'i saka xosa kos.,ta pa mʉŋ χa pa minʉŋ atisăka χosa kəs
179,data/AudioCorpus/Recordings/mns_429299ad-9257-4d76-8a3e-8996ef83be1a/003_╨ó╨░╨▓_╨╝╨░_╨╜╤î_╤â_╤ü╨║╨▓╨╡╨╜_╤à╤é.wav,taw mān' ūskw'een joxtalas.,tăw măń oswena juχtăλət
180,data/AudioCorpus/Recordings/mns_2102c826-500d-46de-868c-705bd8af0c29/012_╨É╨╜╨╜╨░_╨ò╤Ç╨╛╤ä╨╡╨╡╨▓╨░_╨╝╤â╨╖╨╡╨╕╠å_.wav,"anna eroф'eeewa, muз'eej kūs'aj nē, joxtum māxum jot pas'alaxtas.",ana jiraftewa muzj kʉśaj nɛ juχətmaχəm jʉt pa śăλaχtăs
181,data/AudioCorpus/Recordings/mns_cc9f9e0f-8d0a-4fa7-9dc7-0955a2c05caa/055_╨ó╤ï_╨╛_╨╕╠å╨║╨░_╨┐╨░_╤é╨░╨╝╤é╤ï╨╝_╤ì.wav,"ti ōjka pātamtəm, ērt­tam taw māxum xōnt­luŋ­kw'ee kals'altasane.",tiwojka pătəmtim ɛrtăm tăχ măχəm χuantəλəŋ kăλšəλ tăsəŋən
182,data/AudioCorpus/Recordings/mns_429299ad-9257-4d76-8a3e-8996ef83be1a/020_╨₧╤ü_╤à╨╛╤é╤î╤Ä╤é╤ï╨╜_╨░╨╝_╤Ä╨▓_╤é╨░.wav,"os xot'jutən am juw tārataw'eem, tox ta mōt n'ajāwramət jot nul'eewoj os ōwəl klassət lōpmust xan'is'taxtasum.",os χotˊśətən am juw tăra tɵχta maət ńawrəm jut nuλi woj os oλək klassət λʉw at mosət χănnwiś tăχtəsəm
183,data/AudioCorpus/Recordings/mns_2102c826-500d-46de-868c-705bd8af0c29/033_╨ó╨░╨║╨▓╤ü╤ï_╤à╤â╨╜╤î_╤ü╨░_╨▓_╨┐╨╕╨╗.wav,"takwsi xun' sāw p'əl wātēɣət, suəŋ māt t'it-xurum nor l'ujūl'ət kol-xusap wār'eēɣət.",taksi χən'λawa piλi wătajt λʉwijn mat tit χurəm nŏr λʉλit kol χʉsap warijt
184,data/AudioCorpus/Recordings/mns_2102c826-500d-46de-868c-705bd8af0c29/040_╨ó╨╛_╨▓╨░_╨┐╨╛╤Ç╨░╤é_╨╛╤ü_╨▒╨░╤Ç╤ü╤â.wav,tōwa porat os бarsuk wōəl pusmaltaw'ees.,towəp arătəs pa rsʉw wojəλ pa smʉλ tăwəs
185,data/AudioCorpus/Recordings/mns_c4637cd7-b933-4239-89e1-e288474fd655/026_╨£╨░_╨╜╤î_╤â_╤ü╨║╨▓╨╡╨╜_╤à╤é╨░_╨╗╨░.wav,mān' ūskw'een joxta­lam nēkw'eet xalanilt potirtasət.,ma ăň əskwn juχtalăm nԑχət χăλănum putərtăs
186,data/AudioCorpus/Recordings/mns_3002b4aa-88b0-4e33-8c62-3bf964711e2f/004_╨ó╤ï_╤â╤é╤ï╤é_╨╝╨░_╨▓_╨░╨║╨▓╨░╨│_╤â.wav,ti utət māw akwaɣ ural'tijanəl.,ti utət maw ăkoj urăλti jannəλ
187,data/AudioCorpus/Recordings/mns_98484033-b7e8-4d69-9f66-c28c5a9ffa74/034_╨£╤â╨╖╨╡╨╕╠å╤é_╨╜╤Å_╨▓╤Ç╨░╨╝╤ï╤é_╨╜╨│╨╕.wav,muз'eejt n'ajāwramət jonɣ'iləl wāriɣlaw'eēsət.,mosijet njawrԑmət jontχiλəw ari λawɛsăt
188,data/AudioCorpus/Recordings/mns_88c33b5a-ec48-4679-aeb6-ead6e7f69a6a/035_╨₧╤à╤ü╨░╤Ç_╤à╤â╤Ç╨╕_╨┐╨╛_╤ü╨╗╤ï╤ü╤ï╤é.wav,"oxsar xur'i pōslisət, plast'il'inəl matər wārsət.",ӛχsăr χuri pua slu­săt plastilijnum atrwăsət
189,data/AudioCorpus/Recordings/mns_9631248b-70a9-4214-8041-be3ffe4740ca/044_╨ó╨╛╤é_╤Ç╤â╤ë_╨╗╨░_╤é_╤ï╨╗_╤é╨╛╨╗╨╝.wav,"tot rus' lātŋəl tolmas'law'eet, taət low'in'tēɣum.",tot rʉśλaλən utəλmaśλəwət tăjət λoλˊənti
190,data/AudioCorpus/Recordings/mns_9631248b-70a9-4214-8041-be3ffe4740ca/014_╨₧╤ü_╤é╤ï╨│_╤é╤ì_╨╜╤é╨╕_╤Å╨╜╤ï╨│╨╝╨░.wav,os tiɣ tēnt'i janiɣmam mātēn xōntaŋ rajonən rup'itaŋkw'ee joxtisə̄ɣ.,χəsti tԑnti jenəŋm mătən χuantən rajonən rʉpităň joχətəs
191,data/AudioCorpus/Recordings/mns_429299ad-9257-4d76-8a3e-8996ef83be1a/055__╨║╨░╨╜╤Å╨╜╤ì_╨╛_╤ü_╤ü╨░╨║╨░_╨╝╨░_.wav,"ākan'ajane ōs saka mās'tirəɣ wār'ijane, jūntm'ilane mān'ət, sun­suŋkw'ee pums''əɣ ōli.",akan'ənə oλsa ka maśtərəŋ wari nɛm jontmiləŋən imanjat sluŋsəm ki pʉm śiw oλəjən
192,data/AudioCorpus/Recordings/mns_98484033-b7e8-4d69-9f66-c28c5a9ffa74/021_╨ó╨╛╤é_╨╛╤ü_╨╝╨╛_╤é_╨╜╨│╤ï╨╜╤â╤é_╨╜.wav,tot os mōt jonɣinut n'ajāwramitən os tānanəl xan'is'tan xōtpatən sussiltasət.,puta as măt jontn χnutăt njawrԑmătn ostăňăn λʉw χănštăn χotpătn sʉsλătăs
193,data/AudioCorpus/Recordings/mns_98484033-b7e8-4d69-9f66-c28c5a9ffa74/042_╨ó╤ï_╨║╨░╤ü╤é╤ï╨╗_╨╛╨║╤Ç╤â╨│_╨░╤Ç╤à╨╕.wav,ti kastəl okruɣ arx'əw koln joxtalasət.,ti kăstiλ okrug arχiw kolm joχtăλăsət
194,data/AudioCorpus/Recordings/mns_2102c826-500d-46de-868c-705bd8af0c29/018_╨Ñ╨░╨╜╤é╤ï_╨£╨░╨╜╤ü╨╕╨╕╠å╤ü╨║╨░╨╜╤ï╨╗_╨╛.wav,"xanti-mans'ijskanəl os xōntaŋ rajonnəl nauka, kul'tura s''irəl rup'itan xōtpat joxtala­sət.",χanti mansijskan uλ ăs χuantaň rajon nauka kul'tura śirλ rəpităn χuat păt joχ tăλăsət
195,data/AudioCorpus/Recordings/mns_c4637cd7-b933-4239-89e1-e288474fd655/019_╨É╨╜╨╜╨░_╨╝╨░_╨╜╤î_╤é╨░_╨│╤ï╨╗_╨▓╨░.wav,"anna mān' tāɣəl wās''in'­tas, xumus omate sōwtət, sānət os mōt ērne porma­sət jūntəs.",ӑnna măň tăλ waśintăs χuməs əmăti sowtət sănət osmăt rn i păr məsət juntəs
196,data/AudioCorpus/Recordings/mns_cfc7a27d-d8e0-4df2-a319-708b1a6d2ecb/014_╨£╨╛_╤é╨░╨╜╤ï╤é_╨║╨░_╤é╨░╨╜╤ï╨╗_╨╕_.wav,mō­tanət kātanəl iŋ tup­kamət.,mʉŋ atăλnəm katătăλnəm iň tʉpka
197,data/AudioCorpus/Recordings/mns_9631248b-70a9-4214-8041-be3ffe4740ca/033_╨ó╤ï_╨╜╤Å_╨▓╤Ç╨░╨╝╨░╨║╨▓╨╡╤é_╨░╨╝_╤ü.wav,"ti n'ajāwramakw'eet am saka ēruptijanum os p'eens'ijan m'inasum, tuwəl pōxən patxatsum.",ti ńawrəm am săka ɛrəpti jenəm waspensijen minəsəm tɵλi paχn pătχătəsəm
198,data/AudioCorpus/Recordings/mns_d62322fd-b3e5-4709-bf24-cff8061e45ed/025__╤é╤ï╨╗_╤ì_╤Ç╤ï_╨┐╨░_╨║╨▓╨┐╨░╨╗_╤Ä.wav,jotəl ērəŋ pākwpal jūntuŋkw'ee xan'is'taxtēɣum.,jotλ eirən pa okupəλ jontəm wi χănś tăχi tăχəm
199,data/AudioCorpus/Recordings/mns_cc9f9e0f-8d0a-4fa7-9dc7-0955a2c05caa/043_╨É_╤é╤Å╤é╤ì_╨┐╤ï╨│╤Ç╨╕╤ë╨╕╨│_╨╛_╨╗╨╝.wav,"āt'ajate piɣr'is''əɣ ōlm'ee porat akwaɣ takw'i ās''ee jot alis'­las, rup'itas.",at’əti pogriśijə omə purət ăkəλt ăśijət aλiśλăs rəpităs
200,data/AudioCorpus/Recordings/mns_9631248b-70a9-4214-8041-be3ffe4740ca/043_╨É╨╜╤î_╨╛╤ü_╨▓╨░_╨║╨▓╨╡_╨┐╨░╤é╤ï╤ü╨╗.wav,"an' os wāŋkw'ee patislum, is'xīpəŋ lōpsət mān's''i potrət xōntijanum.",a n'os waŋkəj pa tăsλəm iśipən λapəsət măn'śip putrət χuontijən
201,data/AudioCorpus/Recordings/mns_41750756-d0b8-4e44-b90b-0d6770b8df9a/016_╨ó╨░╨▓_╨░╨╜╤î_╨┐╨╛╤é╤Ç╨╡_╤é╨░_╤â╤Ç╤ï.wav,"taw an' potr'ee ta urəl ōləs, kāsəŋ māt ōlne māxum tānt'inānəl tānt'i s''irəl lāw'ijanəl.",tăwna potri tăχurλa oλăs kăsňmăt oλ nԑmăχəm tănti nԑnλ tănti śirλawijan
202,data/AudioCorpus/Recordings/mns_3002b4aa-88b0-4e33-8c62-3bf964711e2f/019_╨₧╤ü_╨║╨░╤Ç╤ï╤ü_╨▓╤ï╤ê╨║╨░╤é╤ï╨╜_╨▓╨░.wav,os karəs wiшkatən wāt man os n'ojolsāt m'eetra karsitən taɣatasanəl.,os kăš wʉškətən watmanəs njosat mtr kăš sitən tă­χətta săn
203,data/AudioCorpus/Recordings/mns_cc9f9e0f-8d0a-4fa7-9dc7-0955a2c05caa/004_╨ÿ╨▓╨░╨╜_╨¥╨╕╨║╨╕╤é╨╕╤ç_╨É╨╗╨│╨░╨┤╤î╨╡.wav,iwan n'ik'it'əч alɣaд'ew janəɣ ōjka.,iwanni kitiśa λgad'ew nər wojka
204,data/AudioCorpus/Recordings/mns_fc3fe528-fe46-498b-9d60-49e20a18aa98/016_╨ó╨╛_╨▓╨░╤é_╨╛╤ü_╨í╨░╤Ç╨░╨╜╨┐╨░_╨▓╤ï.wav,tōwat os saranpāwiln manos sukirъjan ōlmiɣ­tasət.,tʉwət osărn pa wəm manu sukrn oλňătəs
205,data/AudioCorpus/Recordings/mns_6151718c-fdb2-4e03-8a68-5210858ad277/110_╨í╨░_╨▓_╨╜╨╛╤é╨╜_╨╕_╤ì_╨╗╨░╨╗╤î_╤é.wav,sāw notn iŋ ēlal' totaw'ee.,sawn notn in i χăλaλ' tətta wənt
206,data/AudioCorpus/Recordings/mns_5023843d-262d-4eba-a179-86abf1657656/008_╨ú_╤ë╨╗╨░╤à╤é╤ï╨╜_╨╜╤Å_╨▓╤Ç╨░╨╝╨░╨║╨▓.wav,ūs'laxtən n'ajāwramakw'eet mān's''i lātŋəl potir­taŋkw xan'is'tijane.,uśλăχtĭn njawrԑmăkwt măn'śi­λatňăλ putərtăň χănśtijaňi
207,data/AudioCorpus/Recordings/mns_f9383813-db15-4833-9407-325b3d45d79c/034_╨ó╤â╨▓╤ï╨╗_╤à╨╛_╤é_╤ü╨░_╨╕╠å_╨╝╨░_╤é.wav,tuwəl xōt sāj māt akw ētpost'eem tōsli­ja­nəl.,tʉwλ χujătsaj măt ăk wԑt pʉstԑm tʉasλijăn
208,data/AudioCorpus/Recordings/mns_f9383813-db15-4833-9407-325b3d45d79c/039_╨Ü╨░╤ü╤ï╨╗_╨╛_╨▓╤ï╨╗╤é╨░╨╜_╤ì_╨╗╤ï_.wav,kasəl ōwiltan ēli-pālt jā wātat sāw xōtpa atxatiɣlas.,kasλ owλtăň ԑλăpλăt watăt saw χotpa at χătijλλăs
209,data/AudioCorpus/Recordings/mns_6151718c-fdb2-4e03-8a68-5210858ad277/003_╨ó╤ï_╨Æ╤ü╨╡╨▓╨╛╨╗╨╛╨┤_╨£╨░╤ü╨╗╤Ä╨║╨╛╨▓.wav,"ti ws'eewoloд masl'ujukow, warwara t'ujut'ujunn'ikowa, mar'ija sat'ina os s'eel'eena saw'inowa.",λiw swaλăkmăsλʉkow warwara titun'ninkowa marija sătina u slina sawnowa
210,data/AudioCorpus/Recordings/mns_6151718c-fdb2-4e03-8a68-5210858ad277/105_╨ó╤â╨╕_╨┐╨╛╤Ç╨░╤é_╤é╤ï╨│_╨╛_╤ü_╤é╨░.wav,"tui porat tiɣ ōs tax joxtalēw, s'ān' lātŋən ēlal' xan'is'­taŋkw pati­­luw.",tuji porătti o ăstăχ juχătλjaw śajn lotňăn iλăk χănniśtăň pătijλʉw
211,data/AudioCorpus/Recordings/mns_6151718c-fdb2-4e03-8a68-5210858ad277/077_╨ó╨░╨╝╨╗╨╡_╨┐_╨╝╤ï╤ë_╤é╤â╨┐_╤é╨╛_╨▓.wav,taml'ee puməs' tup tōwa lātŋət xuntamlaŋkw rōw'i.,tăm lp pʉmăś tʉp towa lotňăt χuntamλăň krowi
212,data/AudioCorpus/Recordings/mns_6151718c-fdb2-4e03-8a68-5210858ad277/070_╨ó╨╕_╤é╤ï╨╜_╤é╤ï╨│_╨£╨╛╤ü╨║╨▓╨░╨╜_╨╝.wav,"t'i­tin­təɣ moskwan m'ina­sum, tōnt us'ta jomas'akw xansislum.",titĭnti moskwan minasum tʉanăt uśti jomaśăk χăn­sisλum
213,data/AudioCorpus/Recordings/mns_f9383813-db15-4833-9407-325b3d45d79c/083_╨ó╨╕╤é╤ï╤é_╨╝╨╡_╤ü╤é╨░╤é_╨¥╨╕╨╢╨╜╨╡╨▓.wav,"t'itət m'eēstat – n'iжn'eewartowsk'əj rajon, xurm'ət m'eēstat – n'eeфt'ee­juɣansk'əj rajon.",mit mԑstăt nz­ňwartowskij rajon χurmit mԑstăt nftiuganskij rajon
214,data/AudioCorpus/Recordings/mns_f9383813-db15-4833-9407-325b3d45d79c/043_╨₧_╨▓╨╗╤ì_╤é_╤à╤â╨╝_╤à╨╛_╤é╨┐╨░╤é_.wav,ōwlēt xum xōtpat kassət.,owλat χum χot pătkăssăt
215,data/AudioCorpus/Recordings/mns_fc3fe528-fe46-498b-9d60-49e20a18aa98/038_╨»_╤ü╤â╨╜╤é_╨┐╨░_╨▓╤ï╨╗_╤Å╨╗╨┐╤ï_╨╝.wav,jāsunt pāwəl jalpəŋ mā urɣalan xōtpaɣ lāwaw'ee.,jasənt pa wɵλ wɵλpaλ ma urəŋən χuat pa λaŋχəλət
216,data/AudioCorpus/Recordings/mns_6151718c-fdb2-4e03-8a68-5210858ad277/109_╨ó╨░_╨╜_╤Ç╨░╨╜╤ï╨╗_╤à╨╛╤ü╤ï╤é_╨╝╨░_.wav,tān jōranəl xosət mān's''i lātŋuw ēlal' xan'is'taw'ee.,tăň juarăňăλ χəsit măn'śi ladňʉw λaλăň χăn'śta wԑmăt
217,data/AudioCorpus/Recordings/mns_6151718c-fdb2-4e03-8a68-5210858ad277/063_╨ó╨░╨▓_╨╛_╤ü_╤Ç╨╜_╤à╨░╨╜╤é╤ï_╨╛╤ü_.wav,"taw ōs jōrn, xanti os mān's''i lātŋət xa­n'is'tijane.",tăw os jorn χănti os măn'śi λătňăt χănśătijaňăn
218,data/AudioCorpus/Recordings/mns_f9383813-db15-4833-9407-325b3d45d79c/066_╨₧_╨╕╠å╨║╨░_╤é_╨┐_╤é_╤ü╤å╨╡╨╜╨░╨╜_╤à.wav,ōjka tup jot sц'eenan jox­təs.,ojka tʉp jot sԑňăn jəχtăs
219,data/AudioCorpus/Recordings/mns_cc46776a-26e8-46f4-9c8e-499323030faf/014_╨ó╨╛_╨╜╤é_╨╝╨░_╨╜_╨╛╨║╤Ç╤â╨│╤â╨▓╤é_.wav,tōnt mān okruɣuwt taml'ee kol tup n'eeфt'eejuɣansk ust ōləs. tuw ta totw'eēsum.,tʉňăt ma nəkurgʉw tămňa kʉλtup nf­tijugansk uust oλăs tʉwtăt ut wԑsum
220,data/AudioCorpus/Recordings/mns_cc46776a-26e8-46f4-9c8e-499323030faf/020_╨ó╨░_╨║╨╛╨╗╨╜_╨╝╨░_╨╜╤î╨╗╨░╤é_╨╜╤ì_.wav,ta koln mān'lat nēkw'ee wosp'itat'eel'əɣ rup'itaŋkw joxtəs.,tak oλn mănλăt nԑkw wospităt λi rʉpităňki joχtăs
221,data/AudioCorpus/Recordings/mns_cc46776a-26e8-46f4-9c8e-499323030faf/059_╨É╨╝_╨╝╨░_╤ë╤é╤ï╤Ç_╤à╨╛_╤é╨┐╨░╤é_╨░.wav,am mās'tər xōtpat akwan-atiɣlaŋkw nomsēɣum.,am maśir χot păt akwăna tiλăňănum sijum
222,data/AudioCorpus/Recordings/mns_5023843d-262d-4eba-a179-86abf1657656/039_╨ÿ_╨┐_╤é╨╛_╤é╨░╨┐╤ü╨╛╨▓╨╜_╨┐╨╕╨╜╨▓╨╡.wav,iīp tōtapsown p'inw'eēsət. an' lōpmus os k'imkъja­suj pāwliɣt ōlne n'ajāw­ramət.,jiw tətəpsumən pinw jasăt ăň lăpmos əskԑmkԑsuj pawλewt oλňi njawrԑmăt
223,data/AudioCorpus/Recordings/mns_cc46776a-26e8-46f4-9c8e-499323030faf/021_╨¥╨░╨╝╨╡_╨¡╨╗╤î╨╝╨╕╤Ç╨░_╨Ñ╨░╤ä╨╕╨╖╨╛╨▓.wav,nam'ee – el'm'ira xaф'iзowna ajratowa.,nam iλ mira χăfizowňa aj rătowa
224,data/AudioCorpus/Recordings/mns_f9383813-db15-4833-9407-325b3d45d79c/101_╨Ñ╨╛_╤é╨░╨╗_╨┐╨░╨╗╤ï╤é_╨╝╨░_╨╜_╤ü╨╛.wav,"xōtal palət mān sossa māxmanuw ērɣanəl, jīkwanəl tot sussil­tasanəl.",χătλ păλit măn səsa măχmăňăn r­go­nʉw ikw­nʉw tətsăsλ tăsăňăn
225,data/AudioCorpus/Recordings/mns_6151718c-fdb2-4e03-8a68-5210858ad277/075_╨¥╨░_╨╜_╨╝╨░_╨╜╤î╤ë╨╕_╨╗╨░_╤é_╤ï╨╜.wav,nān mān's''i lātŋint taml'ee pumas' wārmal' am tāra-pattisum. nān tox lāw'eeɣə̄n.,năň măn'śa λătňăn tămλip pʉmăś wԑrmaλ' amtăra păt təsum năň toχλaw i wənt
226,data/AudioCorpus/Recordings/mns_cc46776a-26e8-46f4-9c8e-499323030faf/053_╨ó╨░╨▓_╨╗╨░_╨▓╨╝╨╡_╤ë╨╕╤Ç╤ï╨╗_╨┐╨╡_.wav,"taw lāwm'ee s''irəl, p'eēs surɣut muз'eeəŋ māt ru­p'itan sossa xōtpat.",tăw λaw­mi śirλ pԑsur gut muzejňmăt rʉpităn səsăχ χotpăt
227,data/AudioCorpus/Recordings/mns_fc3fe528-fe46-498b-9d60-49e20a18aa98/013_╨ó╨░_╨┐╨╛╤Ç╨░╤é_╨╝╨░_╤à╤â╨╝_╤ü╨░╨║╨░.wav,ta porat māxum saka tārw'itəŋ ōlsət.,ta purăt ma χəm săkăt tar iti ňoλsəw
228,data/AudioCorpus/Recordings/mns_6151718c-fdb2-4e03-8a68-5210858ad277/068_╨£╨ô╨ú_╨║╨╛╨╗╨╜_╨░╨╝_╨╛_╨▓╤ï╨╗_╤ë_.wav,"mɣu koln am ōwəl s''ojos xun' joxtisum, mat'eemat'ika mos' l'ujūl'saŋ xansislum, at wujw'eēsum.",m nuχ kən am owəλ śos χujot­sum mat­matika muś λʉwλsăň χănsistλum at wuj wԑsum
229,data/AudioCorpus/Recordings/mns_6151718c-fdb2-4e03-8a68-5210858ad277/020_╨₧╤ü_╨╝╨╛╤ë╤ë╨░╨│_╤à╤â╨╗╤î╤é╤â╨╝_╨╝╨╕.wav,os mos's'aɣ xul'tum m'irət lātŋanəl xan'is'­taŋkw s'ar māk pums''əɣ ōli.,os joχ χuλtum mir λat­ňăλ χănśtăňăk śăr măk pʉm śi oλa
230,data/AudioCorpus/Recordings/mns_cc46776a-26e8-46f4-9c8e-499323030faf/052_╨ó╨╛╤é_╤ü╨╛╤ü╤ü╨░_╨╝╨░_╤à╤â╨╝_╨░╨║╨▓.wav,tot sossa māxum akwan-atiɣlasanəl.,tət səsămăχum ăk wan atiλăsăňăλ
231,data/AudioCorpus/Recordings/mns_6151718c-fdb2-4e03-8a68-5210858ad277/011_╨ó╨░╨▓_╤é╤ï_╨░_╨╜╤â╨╝╨╜_╨╗╨░_╨▓╤ï╤ü.wav,"taw ti ānumn lāwəs, ontolow klass āstlanem jui-pālt moskwan wos m'inēɣum.",tăw ti ԑnumn λawăs wantoλup λăs asλănԑm jujpăt moskwan wəsmini
232,data/AudioCorpus/Recordings/mns_cc46776a-26e8-46f4-9c8e-499323030faf/017_╨ó╨░_╨╜_╨░_╨╜╤â╨╝_╤à╨░╨╜╤é╤ì╨╕╠å╨║╨░╨│.wav,tān ānum xantejkaɣ namtalasanəl.,tăň ănum χăntijkijnam tăλăsăňăλ
233,data/AudioCorpus/Recordings/mns_6151718c-fdb2-4e03-8a68-5210858ad277/045__╨╝╨░╤ë╨░╨║╨▓_╨┐╨╛╤é╤ï╤Ç_╤é╨░_╨║╨▓_.wav,"jomas'akw potir­taŋkw xāsēɣət. xot'jut xan'is'taxtən nēpakət xansuŋkw t'ee wujxatnuw, saka jomas ōlnuw.",jomaśăk pa tərtaň χăsijkăt χot'ś ut χănś tăχti nԑpăk χăn­sʉňăt t wʉjχătnʉw λăka jomăs oλňʉw
234,data/AudioCorpus/Recordings/mns_5023843d-262d-4eba-a179-86abf1657656/012_╨ó╨░_╤Ä╨╕_╨┐╨░_╨╗╤é_╨░_╨│╨╕╤é_╨┐╤ï.wav,ta jui-pālt āɣ'it-piɣət kon jonɣ'əm xājtiɣtēɣət.,ta juj păλ tăjt pʉwt kunjən imχajtijt ewət
235,data/AudioCorpus/Recordings/mns_cc46776a-26e8-46f4-9c8e-499323030faf/042_╨£╨╛_╤é╤ï╤é_╤é╨░_╨╗_╤é╨░_╨╜_╤ë╨╕╤Ç.wav,mōtət tāl tān s''irwa-wāj jūntsət.,muwătλ tăλtăn śirwa waja jontsăt
236,data/AudioCorpus/Recordings/mns_cc46776a-26e8-46f4-9c8e-499323030faf/015_╨£╨╛_╤é_╨╜╤Å_╨▓╤Ç╨░╨╝╤ï╤é_╤à╨░╨╗╤é_.wav,mōt n'ajāwramət xalt am saka āprəŋ n'ajāwraməɣ ōlsum.,mʉt njawrԑm at χăλtăm săka aprň njawrԑm i χuλsum
237,data/AudioCorpus/Recordings/mns_fc3fe528-fe46-498b-9d60-49e20a18aa98/048_╨ó╨░_╨╜_╨╜╨░_╤à╨╛╨╗╤î╤é╤ï╨╜_╤ü╤ì_╤Ç.wav,"tān naŋ xol'tən sērъjor, kār­kam xōtpaɣ wos janiɣm'eē­ɣət.",tăm năňχoλ'wnts jărjur kartəm χuat pa uwaśen imi
238,data/AudioCorpus/Recordings/mns_6151718c-fdb2-4e03-8a68-5210858ad277/094_╨É╨╝_╨Æ╨░╨╗╨╡╤Ç╨╕╨╕╠å_╨º╨╡╤Ç╨╜╨╡╤å╨╛╨▓_.wav,am wal'eer'əj ч'eern'eeцow xan­sum nēpakane jot-totsa­num,am waliri t'ar'niaw χăntsum nԑpkăňăn tətsănum
239,data/AudioCorpus/Recordings/mns_fe84e10c-d228-4e29-937b-e73e570dbb24/007_╨æ╨╡╨╗╨╛╤Å╤Ç╤ü╨║╨╕╨╕╠å_╤Ç╨░╨╕╠å╨╛╨╜╤é_╨Ü╨░.wav,б'eelojarsk'əj rajont kasum pāwəl muз'eej kus'aəɣ ōlne nē el'eena t'eer'eent'ewna ф'eeдotowa sāwsər jomas tēlat wār'i.,blaiarskoj rajon kăsum pa­wλ muzj kʉśi jiw oλňănԑ jlena ti­rntwnnoj fidotowo sowsir jomma stԑλăt wariw
240,data/AudioCorpus/Recordings/mns_6151718c-fdb2-4e03-8a68-5210858ad277/014_╨É╨╝_╨╗╨╛╨▓_╨╛╤ü_╨░╨║╨▓╤à╤â╨╕╠å╨┐╨╗╨╛╨▓.wav,"am low os akwxujplow klassət tot xa­n'is'taxtasum, oбs''eeж'i­t'ijat ōlsum.",am λow os aχuj plow klassit tət χănśta χătsum apśišitjat oλsum
241,data/AudioCorpus/Recordings/mns_cc46776a-26e8-46f4-9c8e-499323030faf/034_╨»╨╗╨┐╤ï_╤à╨╛_╤é╨░_╨╗╤ï╤é_╨╝╨░╨╜╨╛╤ü.wav,"jalpəŋ xōta­lət manos namxōtalət ōlne porat akwaɣ taw jote xōntxatiɣlim'eēn, potirtim'eēn.",ԑλ păň χuatăλăt mănəs nam χuatăλăt oλ nԑp o­răt ăkojta wəti χan χătiλi mԑn pʉtărt imԑn
242,data/AudioCorpus/Recordings/mns_5023843d-262d-4eba-a179-86abf1657656/035_╨Ü╨░_╤ü╤ï_╨╜╤ì_╨┐╨░╨║_╨╗╨╛_╨╝╤é_╤é.wav,kāsəŋ nēpak-lōmt tat'eem n'ojōtnēɣ wār'ima.,kasəŋ nԑpăkλam tătm njotnij wărԑma
243,data/AudioCorpus/Recordings/mns_fc3fe528-fe46-498b-9d60-49e20a18aa98/006_╨ó╨░╨▓_╨»_╤ü╤â╨╜╤é_╨┐╨░_╨▓╤ï╨╗╤é_╤ü.wav,"taw jāsunt pāwilt samən patəs, tot janiɣ­mas.",tăw jasun păλăt sămn pătəs tʉt jănimăs
244,data/AudioCorpus/Recordings/mns_5023843d-262d-4eba-a179-86abf1657656/001_╨₧╨╝╨░╨╜╤â╨▓_╨╗╨░_╤é_╤ï╤é_╤à╨░╨╜╨╕╤ë.wav,omanuw lātŋət xan'is'taw'eet.,uman uλ lătňət χăn iśi tăjt
245,data/AudioCorpus/Recordings/mns_6151718c-fdb2-4e03-8a68-5210858ad277/054_╨ó╤â╨▓╤ï╨╗_╤ì_╨╗╨░╨╗╤î_╤ü╨░_╨▓_╤ü╤ï.wav,"tuwəl ēlal' sāw­sər potrət xansuŋkw patēɣum, uч'ojonəj xōtpatn low'in'tijanum.",tʉwaλ ԑλăλ' sowsir putrăt χăn­sum pătewum ujonoj χătpătn λəwntijn
246,data/AudioCorpus/Recordings/mns_6151718c-fdb2-4e03-8a68-5210858ad277/051__╤ü╤é_╨╛_╨╗╨╜╤ì_╨╝╨░_╨╜╤î╤ë╨╕_╤à╨╛.wav,"ust ōlne mān's''i xōtpat jot potirtasum, jomas'akw t'itiɣlasanum.",ustăλňi măn'śi χot păt jot pətărtăsum jomaśakti tiλăsănum
247,data/AudioCorpus/Recordings/mns_5023843d-262d-4eba-a179-86abf1657656/020_╨ÿ╠å_╨▓╤ï╤é_╨┐╤â╨╝╤ï╤é_╨╛╤ü_╨╕╠å╤Ç╨╕╤ë╨╕.wav,"jīwət, pumət os ujr'is''ət xu­r'ija­nəl pōsləm ōlēɣət.",ewăt pʉmăt χos ujriśit χurijan upasλi măλijt
248,data/AudioCorpus/Recordings/mns_6151718c-fdb2-4e03-8a68-5210858ad277/062_╨í╨╡╨▓╨░_╤é_╨»╨╝╨░╨╗╨╜_╨Ü╨░╤ü╤â╨╝_╨┐.wav,"s'eewa jot jamaln, kasum pāwiln jaləs.",swa jət mmaλn kăšum pa wəln jăλis
249,data/AudioCorpus/Recordings/mns_51efedb4-c538-4ec2-9340-bdc77fda8ddd/028_╨ÿ╠å╨╕╨╗╤î╨┐╨╕_╨╜╤ì_╨┐╨░╨║_╨Ñ╨╡╨╗╤î_╤ü.wav,j'il'p'i nēpak x'eel'­s'ink'i ust ōlne nauчnəj nēpak lāpkat jowtuŋkw'ee rōw'i.,λpi nԑpkăw χλ­sňki uoz­tul nԑpkăt lătkătλ gow­tum wʉ­rowi
250,data/AudioCorpus/Recordings/mns_51efedb4-c538-4ec2-9340-bdc77fda8ddd/032_╨ó╤ï_╨║╨╛╨╜╤ï╨┐╨░╨╗_╨║╨░_╤ü╤ï_╤à╨╛_.wav,ti konipal kāsəŋ xōtpa takw'i ōs ti nēpak s''irəl xan'is'taxtuŋkw'ee w'eērm'i.,ti konupaλ kasn χot pa mosti nԑpuk śirλ χaniśta χ tʉňkwa wԑrmi
251,data/AudioCorpus/Recordings/mns_51efedb4-c538-4ec2-9340-bdc77fda8ddd/016_╨£╨░_╨╜╤î╤ë╨╕_╨╗╨░_╤é╤ï_╤à╨░╨╜╨╕╤ë╤é.wav,mān's''i lātəŋ xan'is'tan nēpak k'ət sōtira wāt nupəl akw tālt xansuŋkw'ee ōwiltasət.,măn'śa λătň χănśtăn nԑpăk kit­sua­tăra watnupλ ăk tăλăt χăn­sum χi oλătăsăt
252,data/AudioCorpus/Recordings/mns_51efedb4-c538-4ec2-9340-bdc77fda8ddd/007_╨₧_╨▓╤ï╨╗_╤ë_╤ü_╨║╨╕╤é_╤ü╨╛_╤é╤ï╤Ç.wav,ōwəl s''ojōs k'ət sōtira wāt nupəl akw tālt wāruŋkw'ee nomilmatas.,owλ śos kit­sutăra watnupλ ăk tăλt warum finuməmătăs
253,data/AudioCorpus/Recordings/mns_177219ef-59e9-4842-a7b7-4ae54cf98d31/009_╨ó╨╛╤é_╨╝╨░_╨╜╤î╤ë╨╕_╨╝╨╛_╨╕╠å╤é╤ï╤é_.wav,tot mān's''i mōjtət xansəm ōlēɣət.,tut măn'śi mojtət χansim aλijət
254,data/AudioCorpus/Recordings/mns_177219ef-59e9-4842-a7b7-4ae54cf98d31/003_.wav,nan,kit nɛpăkəm urăλ putər oλəs
255,data/AudioCorpus/Recordings/mns_177219ef-59e9-4842-a7b7-4ae54cf98d31/008_╨£╨░_╨╜_╨░╨╜╤î_╨║╨╕╤é_╨╝╨░╤ü_╨╜╤ì_.wav,mān an' k'ət jomas nēpakəɣ sussiltan māɣəs atxatasūw.,ma năň tijt jomas nɛ pa kăλsəλsəλtan mărəs χata λʉw
256,data/AudioCorpus/Recordings/mns_c1139318-b255-49af-a490-4bcc62c40ebe/024_╨É╨╝_╨Ñ╨░_╨╗╤î_╤ü╨╜_╨╝╨╕╨╜╤â_╨║╨▓╨╡.wav,"am xāl'usn m'inuŋkw'ee lāww'eēsum, tuw ta ōlmiɣtasum.",am χaλ josən mԑn om wiλaw jasəŋ turta aλ mʉn
257,data/AudioCorpus/Recordings/mns_177219ef-59e9-4842-a7b7-4ae54cf98d31/028_╨₧╤ü_╨╛╨╝╨░╤é╤ì_╨É╨║╤ü╨╕╨╜╤î╤Å_╨í╤é╨╡.wav,os omate aks'in'ja st'eepanowna jot at ta xōntxatiɣlasum.,oλəmăti ăkśindeski pănəmna jʉt at ta χońχătən λăsəm
258,data/AudioCorpus/Recordings/mns_e2d6bd48-0319-4a7a-bd14-08d07e0197e8/009_╨É╨╝_╨╜╨░╨╝╤â╨╝_╨É╨┤╨░╨╝_╨É╤ä╤Ç╨╕╨║╨░.wav,"am namum aдam, aфr'ikat ōlne mal'i māt.",am namum χătam afrikatăλňi măt
259,data/AudioCorpus/Recordings/mns_62530372-28a5-4c72-bdd1-a1c1c5d090c9/052_╨ô╨╡╤Ç╨╝╨░_╨╜╨╕╤Å╤é_╨¡╨╗╤î╨▒╨░_╤Å_╨▓.wav,"ɣ'eerma­n'ijat el'бa jā wātat akw m'ər ōləs, rus' lātŋəl lāwaw'eet el'бsk'əe slaw'ajan'ee.",kərmanijət ew pa javatăt ăk mir oλəs rʉši lătno λawăt ewpskiji slarjani
260,data/AudioCorpus/Recordings/mns_62530372-28a5-4c72-bdd1-a1c1c5d090c9/034_╨É╨╜╤î_╨╜╤Å_╨▓_╤Ç╨░╨╝╤ï╤é_╨╛╤ü_╨╝╨░.wav,an' n'ajāw­ramət os mān'lat māxum s'ān' lātŋəl saka at potirtēɣət.,pa ńawrɛmət osmajn λat ma χʉm śajn λat mʉsa kăt putərti ewəλt
261,data/AudioCorpus/Recordings/mns_186638cd-e6c5-47ef-9a25-4b6d6adf9bce/020_╨¥╨╕╨╗╨░_╤ì_╤ë_╨╛╤ü_╨░_╨┐╤ë╨╕_╨╛_.wav,n'ila ēs' os āps''i ōn's''i.,ńila ɛś pos ap śi pon' śi
262,data/AudioCorpus/Recordings/mns_1099f856-05a1-44ee-bc58-4d21b3f11fe6/016_╨ó╨░_╨╜_╤é╤ï╤é_╤ü╨░_╨▓╤ü╤ï╤Ç_╨┐_╨╝.wav,tān tit sāwsər puməs' xan'is'tapət os sir'ee-sər kasilət kāsalēɣət.,tǎn titi sawəsər pomuś χani śi tăpət oλs siri sərkăsi lup kăsala
263,data/AudioCorpus/Recordings/mns_e2d6bd48-0319-4a7a-bd14-08d07e0197e8/014_╨É╨╝_╤ê╨║╨╛╨╗╨░_╨╝╨░╤ë╨░╨║╨▓_╨░_╤ü╤é.wav,am шkola jomas'akw āstlamum jui-pālt.,am školam jɵmaśa kasλaməm jʉj pănt
264,data/AudioCorpus/Recordings/mns_186638cd-e6c5-47ef-9a25-4b6d6adf9bce/007_╨»╨╜╤ï╨│_╨░_╨│╨╕╨╝╨╡_╨╜_╨╜╨░╨╝╨╡_╨Æ.wav,"janəɣ āɣ'im'eēn nam'ee warwara, n'ojololow tāle tōwləs.",jaňi aj mԑn nԑm warwara njoλaλaw tԑλi təwλăs
265,data/AudioCorpus/Recordings/mns_177219ef-59e9-4842-a7b7-4ae54cf98d31/032_╨Ñ╤â╨╝_╨╗╨░_╨▓╤ï╤ü_╨░_╤é╤Å╨╝_╨╝╨░_.wav,xum lāwəs: āt'ajam mān's''i mōjtət ōs akwaɣ mōjtiɣlas.,χumλăwas atԑm man'śi mojtət asa χɵw mojtəwλas
266,data/AudioCorpus/Recordings/mns_186638cd-e6c5-47ef-9a25-4b6d6adf9bce/015_╨₧╨╝╨░╨╝_╨Ü╨╗╨░╨▓╨┤╨╕╤Å_╨Ü╨╕╤Ç╨╕╨╗╨╗╨╛.wav,"omam klawд'ija k'ir'illowna, takw'i ōpar'əs' nam'ee jur'ewa.",əmăm klavdi kirilowna taki opă­raś nԑmija jur­wa
267,data/AudioCorpus/Recordings/mns_186638cd-e6c5-47ef-9a25-4b6d6adf9bce/012_╨₧╨╗╤Å_╨╜╨░_╤à╨╛╤é╤ï╨╗_╨╛_╨╗╤ì_╨│╤ï.wav,"ol'aja, naŋ xotəl ōlē­ɣən?",oλja năň χotλ oλajen
268,data/AudioCorpus/Recordings/mns_e2d6bd48-0319-4a7a-bd14-08d07e0197e8/061_╨É_╤é╤Å╨▓_╤é╨░╨║╨▓╨╕_╨╗╨░_╤é_╨╡_╤Ç.wav,āt'ajaw takw'i lātŋe r'inkonaдa.,atɛw tăp wiλatən jis rinka năta
269,data/AudioCorpus/Recordings/mns_e2d6bd48-0319-4a7a-bd14-08d07e0197e8/057_╨í╤ï╤Ç╨╡_╤ü╤ï╤Ç_╨┐╨░╤ü_╤é╨░╤é_╨▓╨░_.wav,sir'ee-sər pas­tat wār'eēw.,sirisər pasta tătwari
270,data/AudioCorpus/Recordings/mns_e2d6bd48-0319-4a7a-bd14-08d07e0197e8/070_╨Ñ╤â╨╝╤â╤ü_╤é╨╛╨▓╤â_╨║╨▓╨╡_╤ì_╤Ç╨╕_.wav,"xumus towuŋkw'ee ēr'i, tuwəl us' n'ojowumtasm'eēn.",χuŋəλ tuλum kwi ɛri tuλ puλ uś ńʉwəmλa sm'jan
271,data/AudioCorpus/Recordings/mns_186638cd-e6c5-47ef-9a25-4b6d6adf9bce/005_╨₧_╨╕╠å╨║╨░╤é╤ì_╨╜╨░╨╝╨╡_╨É╨╗╨╡╨║╤ü╨╡╨╕╠å.wav,"ōjkate nam'ee al'eeks'eej s'eem'ojonow'əч, tēn n'ila āɣ'i ōn's''eēɣ.",ojkăt inam i a­l'xij sm'ju­noweś tԑm nila aj on'śij
272,data/AudioCorpus/Recordings/mns_1099f856-05a1-44ee-bc58-4d21b3f11fe6/030_╨Ñ╨╛╤é╤î╤Ä╤é╨░╨╜╤ï╨╗_╨╜╤ì_╨┐╨░╨║╨╡_╨┐.wav,xot'jutanəl nēpak'ee pē­r'ijaw'ee – w'eelos'ip'eeдəl m'iw'ee.,χɵtˊ utăn u nɛ pa ki pɛrijaλ welosipetaλmewa
273,data/AudioCorpus/Recordings/mns_177219ef-59e9-4842-a7b7-4ae54cf98d31/018_╨«_╨╜╤é╤â╨╝_╤â╤é╨░╨╜╤ì_╤à╨╛╤Ç╨░╨╝╤ï╨╗.wav,jūntum utane xoraməl s'urtsane.,juntəm utane χorəma śurətsane
274,data/AudioCorpus/Recordings/mns_186638cd-e6c5-47ef-9a25-4b6d6adf9bce/037_╨ó╨╛╤é_╨░╤ë╨╛_╨╕╠å╨║╨░╨╝_╨║╨╛╨╗╤à╨╛╨╖╤é.wav,"tot as'ōjkam kolxoзt rūp'itas, xūl alis'las.",tət aśojkam kolχozət rʉpităs χuλaλiśλăs
275,data/AudioCorpus/Recordings/mns_62530372-28a5-4c72-bdd1-a1c1c5d090c9/013_╨Ñ╤â╨╜╤î_╤à╨╛╤é╤é╤ï_╤à╨╛_╨╜╤é╤à╨░╤é╤ï.wav,"xun' xotti xōntxatiɣlapət wāriɣlaw'eet, wōwaw'eem t'ee, nān ōlne mān s'āɣtəm joxtalēɣum.",λʉŋ χotti χońλəti λapət warəŋλawet wow ɛwəmti analti mănśajəλəm juχtəλajəw
276,data/AudioCorpus/Recordings/mns_c1139318-b255-49af-a490-4bcc62c40ebe/007_╨₧╨╝╨░╤é╤ì_╨É╨╜╨╜╨░_╨ó╨╕╤à╨╛╨╜╨╛╨▓╨╜╨░.wav,"omate anna t'ixonowna, takw'i ōpar'əs' nam'ee nom'ina, xul'ujumsuntnəl ōləs.",măti ănna tiχanăwna tăt we apariś nԑmi nəmna χuλjum sʉntnəw aλəs
277,data/AudioCorpus/Recordings/mns_e2d6bd48-0319-4a7a-bd14-08d07e0197e8/035_╨ó╨░╨▓╨╡_╨┐╤â╤ü╤ü╤ï╨╜_╨▓╨░_╨│╨░╨╜╤ï╨╗.wav,"taw'ee pussən wāɣanəl, шkolat n'ajāwramət ti lātŋəl xan'is'taw'eet.",tawim pʉsən waλəntəλ školat njawrəmət tiλat nɵm χaniśλəwt
278,data/AudioCorpus/Recordings/mns_e2d6bd48-0319-4a7a-bd14-08d07e0197e8/046_╨É╨╝_╨╜╨░╨╝╤â╨╝_╨ö╨░╨╜╨░_╨ñ╨╕╨╗╨╕╨┐╨┐.wav,"am namum дana, ф'il'ipp'ini mānəl joxtisum, man'ila ust samən patsum.",amnɛməm tana filipini mănəλ juχtəsəm wanila osəntən pătsəm
279,data/AudioCorpus/Recordings/mns_c1139318-b255-49af-a490-4bcc62c40ebe/021_╨ÿ╨╜╤é╨╡╤Ç╨╜╨░╤é╤é_╤Å╨╜╤ï╨│_╤ü╨░_╤é_.wav,int'eernatt janəɣ sāt xus āɣ'ir'is''it-piɣr'is''ət ōlsət.,internatət nԑn iλsajət χʉs aj ireśət pɵreśət aλsət
280,data/AudioCorpus/Recordings/mns_177219ef-59e9-4842-a7b7-4ae54cf98d31/006_╨₧╨╝╨░╤é╤ì_╨╝╨╛_╨╕╠å╤é╤ï╨│╨╗╨░╨╝_╨╝╨╛_.wav,omate mōjtiɣlam mōjtət xasw'eēsət.,omăti mojtănλəm mojtăt χăs wɛsăt
281,data/AudioCorpus/Recordings/mns_177219ef-59e9-4842-a7b7-4ae54cf98d31/022_╨£╨╛_╨╕╠å╤é╤ï╤é_╤â╤Ç╤ï╨╗_╨ô╨░╨╗╨╕╨╜╨░_.wav,mōjtət urəl ɣal'ina ruдol'фowna konд'ina tox potirtas.,mojti tʉrəλ galina rʉt oλ'făna kondina təχ put ʉrtăs
282,data/AudioCorpus/Recordings/mns_186638cd-e6c5-47ef-9a25-4b6d6adf9bce/043_╨É╨║╨▓╨░╨│_╨┐╨╛╤é╤ï╤Ç╤é╨░_╨╗╤ï╤ü_╨╝╨░.wav,"akwaɣ potirtāləs, mān's''i mōjtət mōjtiɣlas.",a kwaj pa turtaλəs man' śi mojtət mojt ʉnλəs
283,data/AudioCorpus/Recordings/mns_c1139318-b255-49af-a490-4bcc62c40ebe/004_╨Ñ╨╛_╤é╨┐╨░_╨╜╤â╨┐╤ï╨╗_╨░╤é_╤é╨░_╨╗.wav,xōtpa nupəl at tāle tōwləs.,χat pa nʉpəλ at tăλi təwλəs
284,data/AudioCorpus/Recordings/mns_88818793-da5d-4da1-b15f-accfe4f09ef0/003_╨í╤â╨┤╤î╨▒╨░_╤ç╨╡╨╗╨╛╨▓╨╡╨║╨░_╨▓_╨╕╤ü.wav,suд'бa ч'eelow'eeka w istor'əi naroдa nampa sussiltap ōləs.,sʉt pa čowlika wistoriju naroda nԑm pa sʉsλa tăp aλăs
285,data/AudioCorpus/Recordings/mns_88818793-da5d-4da1-b15f-accfe4f09ef0/010_╨ò╨▓╨┤╨╛╨║╨╕╤Å_╨É╨╗╨╡╨║╤ü╨░╨╜╨┤╤Ç╨╛╨▓╨╜.wav,ewдok'ija al'eeksanдrowna xanti xoramət os xansat urəl sāw nēpak xansəs.,wd iki a­λe­ksandrwn χănti χurəmat as χăn­sa tʉr λaw nԑpkăn χăntsăs
286,data/AudioCorpus/Recordings/mns_88818793-da5d-4da1-b15f-accfe4f09ef0/005_╨ó╨░╨╝╨╗╨╡_╨╜╨░╨╝╨┐╨░_╨║╨╛╨╜╤å╨╡╤Ç╤é_.wav,taml'ee nampa konц'eert ōləs.,tămλɛn nɛm pa konsert oλəs
287,data/AudioCorpus/Recordings/mns_88818793-da5d-4da1-b15f-accfe4f09ef0/016_╨ó╤ï_╤é╨░_╨╗_╤é╨░╨▓╨╡_╨╜_╨╛╨╜╤é╨╛╨╗.wav,"ti tāl taw'eēn ontolow sāt tāl tōwlinuw, ōlupsate xosa os sōtəŋ ōləs.",ti tăλ tăwԑn want uλəw săt tăλ towλanʉw oλəp­siti χosəw suatĭň oλ
288,data/AudioCorpus/Recordings/mns_88818793-da5d-4da1-b15f-accfe4f09ef0/026_╨ò╨▓╨┤╨╛╨║╨╕╤Å_╨É╨╗╨╡╨║╤ü╨░╨╜╨┤╤Ç╨╛╨▓╨╜.wav,ewдok'ija al'eeksanдrowna tot шkolat n'ajāwramət mat'eemat'ikan xan'is'taŋkw'ee patəs.,śiw taki aksandrowna tət školat njawrԑmət matimatikən χăn'śi tăŋχija păta
289,data/AudioCorpus/Recordings/mns_fd7120f9-371b-4953-bf8b-bc630439d201/016_╨ó╨░_╨╜_╨╛╤ü_╤à╨╛_╤é╨░╨╗╨░╨║╨▓╨╡╨╜_.wav,tān os xōtalakw'een s'āɣtas'ləm ēla-juw ta isɣas'lālēɣət.,ta nuas χotălăkwn śajtaśλԑm eλa juwta jis jaśλaλijt
290,data/AudioCorpus/Recordings/mns_fd7120f9-371b-4953-bf8b-bc630439d201/009_╨¢_╨┐╤é╨░_╨┐╤â╨╝╨╡_╤é╤ï╨╝╤â╤ü_╤é╨╛_.wav,"lupta, pum'ee timus tōslapti. os n'ujulijīw jā ultta tus'tiɣp'i.",λupta pʉmət imus təsλăpti os njuλi jiw jawλta tuś tipi
291,data/AudioCorpus/Recordings/mns_fd7120f9-371b-4953-bf8b-bc630439d201/006_╨ó╨╛╨▓╨╡_╤Ç╤é╤ï_╤é╨░╤é╨╡╨╝_╨▓╨╛_╤é╨░.wav,"tow'eērtəŋ tat'eem wōtas'lāli, kon-kwāluŋkw s'ar at w'eērm'eēɣən.",towrtən tătԑm wətaśλaλi koňk walum śirat wԑrmijn
292,data/AudioCorpus/Recordings/mns_fcb27efc-3756-451b-9345-76106d205249/007_╨Ü╨░╨╝╤ç╨░╤é╨║╨░_╨╝╨░_╤é╤ì_╨░╨║╨▓_╨┐.wav,kamчatka māte akw­p'isəɣ n'ojōrəŋ mā.,kam śatka mati ăk pisi nӛrəŋ ma
293,data/AudioCorpus/Recordings/mns_fcb27efc-3756-451b-9345-76106d205249/021_╨ñ╨╡╨┤╨╡╤Ç╨░_╤å╨╕╤Å_╨í╨╛╨▓╨╡╤é╤ï╤é_╤Ç.wav,"ф'eeд'eera­ц'ija sow'eetət rup'itan s'eenatoruw, sāləŋ māxum, oбs''ina kus'aət, r'eeдak­ц'ijat rup'itan xōtpat.",pederaija soweti trupitan senătăr u săλn măχum apśina kʉśijt rdaλsija trupitan χotpat
294,data/AudioCorpus/Recordings/mns_fd7af81a-9888-491d-8e69-545457664794/084_╨É╨╜╤î_╨┐╨╛╤é╤Ç╤â╨▓_╨╝╨╛╤ë╨╡_╤Ç╤é╨╜_.wav,"an' potruw mos''eērtn ti oiɣp'i, ta urəl ōs lāwuŋkw'ee ēr'i.",ań putruw mośrtn tijəλ jitpi ta urəλ os λawəmka ɛri
295,data/AudioCorpus/Recordings/mns_fd7af81a-9888-491d-8e69-545457664794/018_╨Ü╨╛╨╜╤ü╤é╨░╨╜╤é╨╕╨╜_╨Æ╨░╤ü╨╕╨╗╤î╨╡╨▓╨╕.wav,konstant'ən was'il'ew'əч p'irkat'irəɣ xul puwne art'eel'ət ōləs.,konsantin wasil'iret pir katirăj χʉλ pʉwnaj artԑli tʉaλas
296,data/AudioCorpus/Recordings/mns_fd7af81a-9888-491d-8e69-545457664794/020_╨₧╨╝╤ü╨║_╨╝╤â╤ü_╤ü╨╛_╤Ç╤â╨┐_╨╜_╨▓╤ï.wav,"omsk mus sōrup n'ojōwəl' totuŋkw'ee akwaɣ ērəs, tuwəl sw'eerдlowskən jalantas.",omsk mos sorup njuwλt tət uŋkw etwaj ɛrăs tʉwλ sirs λowskijən jăλantăs
297,data/AudioCorpus/Recordings/mns_fd7af81a-9888-491d-8e69-545457664794/043_╨ó╤ï_╨┐╨░_╨▓╤ï╨╗╤é_╨╝╨░_╤à╤â╨╝_╨╛_.wav,ti pāwilt māxum ōs xu­rum kol mus ōlēɣət.,ti păwăλt ma χum os χurum kol mos oλajt
298,data/AudioCorpus/Recordings/mns_fcb27efc-3756-451b-9345-76106d205249/045_╨¥╨╕╨║╨╛╨╗╨░╨╕╠å_╨╕╤é╨╡╨╗╤î╨╝╨╡╨╜_╤à╨╛_.wav,"n'ikolaj it'eel'm'een xōtpa, kut'wane xosət taw janəɣ ч'eemp'ionəɣ ōli.",ikolaj i tăλman χot pa kʉt wanij χosijt towiannoj čmpionoj oλi
299,data/AudioCorpus/Recordings/mns_fd7af81a-9888-491d-8e69-545457664794/009_╨ó╤ï╨╕_╨ô╨░╨╗╨╕╨╜╨░_╨Ü╨╛╨╜╤ü_╤é╨░╨╜_.wav,"tii ɣal'ina kons­tan­t'inowna alɣaд'ewa piɣane, apɣane, rutane jot.",ti galina konstantinem nauka tiwa piλănɛ apjănɛ rutănɛ jot
300,data/AudioCorpus/Recordings/mns_fcb27efc-3756-451b-9345-76106d205249/044_╨ó╤ì_╨╜_╨╛_╨╗╨╜╤ì_╨╝╨░_╤é╤ì_╨╜_╨╗.wav,tēn ōlne mātēn lāwaw'ee xal'ч.,tԑn oλňi mătԑn λa­λaw χăλ'ăt'ś
301,data/AudioCorpus/Recordings/mns_fd7af81a-9888-491d-8e69-545457664794/006_╨¢_╤à╨░╨╜╤ï╨╗_╨¥╤Å_╤à╤ë╨░╨╝╨▓╨╛_╨╗╤î.wav,l'ojōŋxanəl n'ajāxs'amwōl' pāwilnəl janiɣ­pāwəl mus ōləs.,λuankhanəλ ńăśԑm wəλ' pawəλmaλ jăn i pawəλ mos oλəs
302,data/AudioCorpus/Recordings/mns_fd7af81a-9888-491d-8e69-545457664794/042_╨£╨░_╨╜╤î╤Å_╤ü_╨╜╤é_╨┐╨░_╨▓╤ï╨╗╨╜_.wav,mān'ja-sunt pāwiln l'ojōŋxanəl ōləs.,mańăsən pawəλn λɵňχănnԑw oλăs
303,data/AudioCorpus/Recordings/mns_fd7af81a-9888-491d-8e69-545457664794/080_╨É_╨╗╨╜_╤à_╨╗_╤é╨░╨╝╨╗╨╡_╨▓╨╛_╤à╨░.wav,"āln xul taml'ee wōŋxat ōli, tot w'ite pōl'ajamnuw.",aλəŋ χʉλ tăm λԑm u aňχa təλi tət witi puλam nuw
304,data/AudioCorpus/Recordings/mns_fd7af81a-9888-491d-8e69-545457664794/016_╨ó╨░╨▓_╨║╨╛╨╝╤ü╨╛╨╝╨╛╨╗╤î╤ü╨║╨╕╨╕╠å_╨┐╤â.wav,taw komsomol'sk'əj puŋktotne kus'aəɣ ōləs.,tăw komsomol'skij punktotnij kʉśa jej oλəs
305,data/AudioCorpus/Recordings/mns_fd7af81a-9888-491d-8e69-545457664794/074_╨í╨░╤ü╨│╨░╨╜╤ì_╨╗╨░_╨▓╨╡_╨│╤ï╤é_╤é╨╛.wav,"sasɣane lāw'eēɣət, tōwanakt xul puwne māɣəs ti kos jomas xōtal, os.",sasijan e λawijt təwnăt χʉλ purnij măjs ti­kəs jomăs χuatăλ os
306,data/AudioCorpus/Recordings/mns_fd7af81a-9888-491d-8e69-545457664794/056_╨ó╨╛_╨╜╤é_╤é╨░╤à_╤ü╨░_╨▓╨╜╤â╨▓_╨╝╨╕.wav,tōnt tax sāwnuw m'ər jomas'akw us'laxtuŋkw'ee w'eērminu­wət.,təm tăχ saw nuw mir jəmaśa kʉśλaχ tăňkw wԑrman nuwət
307,data/AudioCorpus/Recordings/mns_fcb27efc-3756-451b-9345-76106d205249/014_╨Ñ╨╛_╤é_╨╜╤â╨┐╤ï╨╗_╤à╨╛_╤é_╤Å╨╜╤ï╨│.wav,xōt nupəl xōt janiɣnuw os wat nupəl ontolow mān' pāwlət ōleɣət.,χot nʉpəλ χot janin uwa oswat nʉpəλ ontoλow măn' pawλət oλijt
308,data/AudioCorpus/Recordings/mns_fd7af81a-9888-491d-8e69-545457664794/071_╨ó╨░╨▓_╤é╤ï_╤ì_╨╗╤ï_╨┐╨░_╨╗╤é_╨░╤ë.wav,taw ti ēli-pālt as'ōjkate palt totima.,tăwti jăλi păλt aśojkăti păλt tətima
309,data/AudioCorpus/Recordings/mns_846418db-c9ff-43e0-9d03-cc9cfc24454c/013_╨Ñ╤â╨╜╤î_╤à╨╛_╨╜╤é╨╗╤ï╨╜_╨╜╨░╨║_╤â╤ë.wav,xun' xōntlən nak us'ti ōwiltaxtas.,χuń χăntλăňa uśti owăλtătăs
310,data/AudioCorpus/Recordings/mns_846418db-c9ff-43e0-9d03-cc9cfc24454c/030_╨Æ╨░╤ü╨╕╨╗╨╕╨╕╠å_╨¥╨╕╨║╨╛╨╗╨░╨╡╨▓╨╕╤ç_╨┐.wav,was'il'əj n'ikolaew'əч p'iltāləɣ xōntlum'ee mā­ɣəs.,wasiwən nikolaewătś piλ tăλij χu aňkəmne măgəs
311,data/AudioCorpus/Recordings/mns_846418db-c9ff-43e0-9d03-cc9cfc24454c/021_╨₧_╨▓╨╗╤ì_╤é_╨₧╨╝╤ü╨║_╤ü_╨╕╨╜╨╢╨╡╨╜.wav,ōwlēt omsk us inж'een'eernəj uч'il'is'an totw'ees.,obλet omsk uλs in­džan­wrnoj uiliśan tətvis
312,data/AudioCorpus/Recordings/mns_5425538c-a1b0-4d97-9447-d57df5e51e4c/006_╨ó╤ï_╤é╤ì_╨╗╨░_╤ì_╨╗╨░╨╗╤î_╤é╨╛╤é╨╜.wav,ti tēla ēlal' totne mā­ɣəs xāl'us rajon m'irkol pāləl janəɣ n'ojōtm'əl wār­w'ees.,ti tăλa ԑλaλ tətnԑmăs χăλ'us rajon mir kəwpaλʉw nԑňotnʉw warwăs
313,data/AudioCorpus/Recordings/mns_846418db-c9ff-43e0-9d03-cc9cfc24454c/001_╨É_╤ë╨╡_╤Å╨╜╤ï╨│_╤à╨╛_╨╜╤é╤ï╤é_╤ü_.wav,ās''ee janəɣ xōntət sāw s''ojos sakwatālw'ees.,aśi nԑn χən sovśăsa kwata wəs
314,data/AudioCorpus/Recordings/mns_846418db-c9ff-43e0-9d03-cc9cfc24454c/016_╨₧╤ü_╤é╨░╨▓_╤ì_╤Ç╨╜╤ì_╨╜╤ì_╨┐╨░╨║╤é.wav,os taw ērne nēpakt akw tāl nōx-n'ojō­tumtas.,χŏstăw ԑrn nԑpăt ăk tăλ noχ njotumtăs
315,data/AudioCorpus/Recordings/mns_846418db-c9ff-43e0-9d03-cc9cfc24454c/046_╨₧╤ü_╤é╤ï_╤é_╤Ç╨▓╨╕╤é_╨╜╨░╨║╨╜_╨░╤é.wav,os ti tārw'ət nakn at jolimtaw'ees.,osti tarwt năŋən at joχəm tăs
316,data/AudioCorpus/Recordings/mns_846418db-c9ff-43e0-9d03-cc9cfc24454c/011_╨Æ╨░╤ü╨╕╨╗╨╕╨╕╠å_╨¥╨╕╨║╨╛╨╗╨░╨╡╨▓╨╕╤ç_╤é.wav,was'il'əj n'ikolaew'əч tāksar os jōr xōtpaɣ ōləs.,wasilii nikolajieśi taksar as ӛr χot pa χăλs
317,data/AudioCorpus/Recordings/mns_846418db-c9ff-43e0-9d03-cc9cfc24454c/012_╨Ñ╤â╨╝_╤é╤ï╤ü╤Å╤ç╨░_╨┤╨╡╨▓╤Å╤é╤î╤ü╨╛╤é.wav,xum tis'ajaчa д'eew'ajat'sot sorok p'eerwəj tālt xōntlən mān wujw'ees.,χum 1941 tăλp χuăňλen man wʉjws
318,data/AudioCorpus/Recordings/mns_846418db-c9ff-43e0-9d03-cc9cfc24454c/009_╨£_╨╜╤î_╨┐_╨▓╨╗╤ï╤é_╨┐╤â╤ü╤ü╤ï╨╜_╨░.wav,mān' pāwlət pussən ak­wan-totuŋkw'ee patw'eēsət.,ma ăm pălăt pʉsn apn totumki pot wԑsăt
319,data/AudioCorpus/Recordings/mns_846418db-c9ff-43e0-9d03-cc9cfc24454c/032_╨ò╤ä╤Ç╨╡╨╕╠å╤é╨╛╤Ç_╤Å╨╜╤ï╨│_╨╜╨░╨╝╤ï╨╗_.wav,eфr'eejtor janəɣ naməl majw'ees.,jeχrijtər nԑn nԑməm măjews
320,data/AudioCorpus/Recordings/mns_846418db-c9ff-43e0-9d03-cc9cfc24454c/019_╨£_╨╜╤î_╨╗╨░╤é_╨┐╤ï╨│╤ï╤é_╨╜_╨╗╨╛╨╗.wav,mān'­lat piɣət n'ojololowxuj­plow tālanəl tōwlən porat w'iŋkw'ee patw'eēsət.,ma iňwλăt piχit njoχu i plow tawn oma utown purăt winkipăt wԑsăt
